-- MySQL dump 10.13  Distrib 9.2.0, for Win64 (x86_64)
--
-- Host: localhost    Database: studentperformancedb
-- ------------------------------------------------------
-- Server version	9.2.0

/*!40101 SET @OLD_CHARACTER_SET_CLIENT=@@CHARACTER_SET_CLIENT */;
/*!40101 SET @OLD_CHARACTER_SET_RESULTS=@@CHARACTER_SET_RESULTS */;
/*!40101 SET @OLD_COLLATION_CONNECTION=@@COLLATION_CONNECTION */;
/*!50503 SET NAMES utf8mb4 */;
/*!40103 SET @OLD_TIME_ZONE=@@TIME_ZONE */;
/*!40103 SET TIME_ZONE='+00:00' */;
/*!40014 SET @OLD_UNIQUE_CHECKS=@@UNIQUE_CHECKS, UNIQUE_CHECKS=0 */;
/*!40014 SET @OLD_FOREIGN_KEY_CHECKS=@@FOREIGN_KEY_CHECKS, FOREIGN_KEY_CHECKS=0 */;
/*!40101 SET @OLD_SQL_MODE=@@SQL_MODE, SQL_MODE='NO_AUTO_VALUE_ON_ZERO' */;
/*!40111 SET @OLD_SQL_NOTES=@@SQL_NOTES, SQL_NOTES=0 */;

--
-- Table structure for table `assignments`
--

DROP TABLE IF EXISTS `assignments`;
/*!40101 SET @saved_cs_client     = @@character_set_client */;
/*!50503 SET character_set_client = utf8mb4 */;
CREATE TABLE `assignments` (
  `Assignment_ID` int NOT NULL,
  `Title` varchar(255) NOT NULL,
  `Due_Date` date NOT NULL,
  `Max_Score` int NOT NULL,
  `Course_Code` varchar(10) DEFAULT NULL,
  PRIMARY KEY (`Assignment_ID`),
  KEY `Assignments_Courses` (`Course_Code`),
  CONSTRAINT `Assignments_Courses` FOREIGN KEY (`Course_Code`) REFERENCES `courses` (`Course_Code`),
  CONSTRAINT `assignments_chk_1` CHECK ((`Max_Score` > 0))
) ENGINE=InnoDB DEFAULT CHARSET=utf8mb4 COLLATE=utf8mb4_0900_ai_ci;
/*!40101 SET character_set_client = @saved_cs_client */;

--
-- Dumping data for table `assignments`
--

LOCK TABLES `assignments` WRITE;
/*!40000 ALTER TABLE `assignments` DISABLE KEYS */;
INSERT INTO `assignments` VALUES (1,'Discussion Board','2021-04-23',50,'CS101'),(2,'Case Study','2022-06-12',100,'CS101'),(3,'Presentation','2023-02-10',50,'CS101'),(4,'Midterm Exam','2021-04-28',100,'CS101'),(5,'Research Paper','2023-04-10',50,'CS101'),(38,'Midterm Exam','2022-04-06',50,'CS201'),(39,'Final Exam','2022-09-10',100,'CS201'),(40,'Project 1','2021-03-28',100,'CS201'),(46,'Project 1','2021-11-23',50,'CS301'),(47,'Midterm Exam','2021-03-02',100,'CS301'),(48,'Homework 1','2021-07-18',50,'CS301'),(68,'Quiz 1','2023-01-14',100,'CS401'),(69,'Homework 1','2021-08-18',50,'CS401'),(70,'Project 1','2021-11-20',50,'CS401'),(84,'Case Study','2023-09-03',100,'CS501'),(85,'Project 1','2021-09-07',50,'CS501'),(86,'Presentation','2021-10-23',100,'CS501'),(87,'Quiz 1','2021-10-21',100,'CS501'),(116,'Presentation','2021-12-19',100,'CS601'),(117,'Discussion Board','2023-03-05',100,'CS601'),(118,'Project 1','2021-02-10',50,'CS601'),(119,'Case Study','2021-10-14',50,'CS601'),(120,'Final Exam','2021-09-19',50,'CS601'),(136,'Homework 1','2021-10-05',100,'CS701'),(137,'Quiz 1','2023-02-27',100,'CS701'),(138,'Case Study','2023-03-06',100,'CS701'),(139,'Lab Report','2021-09-27',100,'CS701'),(140,'Final Exam','2023-04-22',100,'CS701'),(169,'Final Exam','2022-06-14',100,'CS801'),(170,'Research Paper','2023-03-26',100,'CS801'),(171,'Lab Report','2023-12-26',50,'CS801'),(188,'Quiz 1','2023-10-28',50,'CS901'),(189,'Discussion Board','2021-02-19',50,'CS901'),(190,'Case Study','2021-04-22',50,'CS901'),(191,'Presentation','2021-09-17',50,'CS901'),(192,'Project 1','2023-09-19',100,'CS901'),(193,'Homework 1','2023-03-18',50,'CS901'),(211,'Presentation','2021-02-10',100,'CS1001'),(212,'Homework 1','2021-05-07',100,'CS1001'),(213,'Research Paper','2021-08-23',50,'CS1001'),(214,'Lab Report','2021-01-03',100,'CS1001'),(243,'Lab Report','2021-11-14',100,'CS1002'),(244,'Discussion Board','2022-08-24',100,'CS1002'),(245,'Homework 1','2023-11-26',100,'CS1002'),(246,'Quiz 1','2021-08-09',100,'CS1002');
/*!40000 ALTER TABLE `assignments` ENABLE KEYS */;
UNLOCK TABLES;

--
-- Table structure for table `attendance`
--

DROP TABLE IF EXISTS `attendance`;
/*!40101 SET @saved_cs_client     = @@character_set_client */;
/*!50503 SET character_set_client = utf8mb4 */;
CREATE TABLE `attendance` (
  `Attendance_ID` int NOT NULL,
  `Attendance_Percentage` int NOT NULL,
  `Student_ID` int NOT NULL,
  `Course_Code` varchar(10) NOT NULL,
  PRIMARY KEY (`Attendance_ID`),
  KEY `Attendance_Students` (`Student_ID`),
  KEY `Attendance_Courses` (`Course_Code`),
  CONSTRAINT `Attendance_Courses` FOREIGN KEY (`Course_Code`) REFERENCES `courses` (`Course_Code`),
  CONSTRAINT `Attendance_Students` FOREIGN KEY (`Student_ID`) REFERENCES `students` (`Student_ID`),
  CONSTRAINT `attendance_chk_1` CHECK (((`Attendance_Percentage` >= 0) and (`Attendance_Percentage` <= 100)))
) ENGINE=InnoDB DEFAULT CHARSET=utf8mb4 COLLATE=utf8mb4_0900_ai_ci;
/*!40101 SET character_set_client = @saved_cs_client */;

--
-- Dumping data for table `attendance`
--

LOCK TABLES `attendance` WRITE;
/*!40000 ALTER TABLE `attendance` DISABLE KEYS */;
INSERT INTO `attendance` VALUES (14,4,99,'CS801'),(18,6,93,'CS601'),(26,8,82,'CS601'),(28,9,95,'CS601'),(39,11,74,'CS301'),(53,14,72,'CS501'),(57,16,64,'CS401'),(58,16,66,'CS1002'),(63,19,96,'CS201'),(66,20,89,'CS901'),(74,22,93,'CS1001'),(91,27,75,'CS501'),(92,27,61,'CS601'),(94,28,93,'CS101'),(96,28,84,'CS501'),(105,31,78,'CS1001'),(111,34,76,'CS101'),(122,37,59,'CS901'),(131,40,86,'CS1002'),(141,44,72,'CS601'),(148,46,96,'CS401'),(154,49,94,'CS801'),(155,50,88,'CS501'),(157,51,61,'CS901'),(158,51,87,'CS401'),(172,54,63,'CS401'),(173,55,97,'CS401'),(188,60,70,'CS401'),(192,61,63,'CS201'),(195,62,78,'CS901'),(198,64,56,'CS301'),(211,67,76,'CS401'),(219,71,63,'CS801'),(222,72,85,'CS201'),(230,74,86,'CS401'),(232,75,92,'CS901'),(243,79,59,'CS201'),(250,80,72,'CS801'),(266,85,51,'CS701'),(270,86,64,'CS101'),(275,90,80,'CS901'),(278,91,92,'CS701'),(285,93,93,'CS201'),(287,93,95,'CS1002'),(295,96,98,'CS501'),(299,97,69,'CS101'),(301,98,82,'CS401');
/*!40000 ALTER TABLE `attendance` ENABLE KEYS */;
UNLOCK TABLES;

--
-- Temporary view structure for view `course_enrollment_view`
--

DROP TABLE IF EXISTS `course_enrollment_view`;
/*!50001 DROP VIEW IF EXISTS `course_enrollment_view`*/;
SET @saved_cs_client     = @@character_set_client;
/*!50503 SET character_set_client = utf8mb4 */;
/*!50001 CREATE VIEW `course_enrollment_view` AS SELECT 
 1 AS `Course_Code`,
 1 AS `Course_Name`,
 1 AS `Total_Students`*/;
SET character_set_client = @saved_cs_client;

--
-- Table structure for table `courses`
--

DROP TABLE IF EXISTS `courses`;
/*!40101 SET @saved_cs_client     = @@character_set_client */;
/*!50503 SET character_set_client = utf8mb4 */;
CREATE TABLE `courses` (
  `Course_Code` varchar(10) NOT NULL,
  `Course_Name` varchar(255) DEFAULT NULL,
  `Credits` int NOT NULL,
  `Teachers_ID` int NOT NULL,
  `Department_ID` int NOT NULL,
  PRIMARY KEY (`Course_Code`),
  KEY `Courses_Departments` (`Department_ID`),
  KEY `Courses_Teachers` (`Teachers_ID`),
  CONSTRAINT `Courses_Departments` FOREIGN KEY (`Department_ID`) REFERENCES `departments` (`Department_ID`),
  CONSTRAINT `Courses_Teachers` FOREIGN KEY (`Teachers_ID`) REFERENCES `teachers` (`Employee_ID`),
  CONSTRAINT `courses_chk_1` CHECK ((`Credits` > 0))
) ENGINE=InnoDB DEFAULT CHARSET=utf8mb4 COLLATE=utf8mb4_0900_ai_ci;
/*!40101 SET character_set_client = @saved_cs_client */;

--
-- Dumping data for table `courses`
--

LOCK TABLES `courses` WRITE;
/*!40000 ALTER TABLE `courses` DISABLE KEYS */;
INSERT INTO `courses` VALUES ('AI101','Intro to Ai2',3,2,1),('CS1001','Intro to Data Science',3,1,10),('CS1002','Web Development',3,1,10),('CS101','Introduction to Computer Science',3,1,10),('CS201','Data Structures',3,1,10),('CS301','Algorithms',3,1,10),('CS401','Operating Systems',3,1,10),('CS501','Artificial Intelligence',3,1,10),('CS601','Machine Learning',3,1,10),('CS701','Cloud Computing',3,1,10),('CS801','Blockchain Technology',3,1,10),('CS901','Cybersecurity',3,1,10);
/*!40000 ALTER TABLE `courses` ENABLE KEYS */;
UNLOCK TABLES;

--
-- Table structure for table `departments`
--

DROP TABLE IF EXISTS `departments`;
/*!40101 SET @saved_cs_client     = @@character_set_client */;
/*!50503 SET character_set_client = utf8mb4 */;
CREATE TABLE `departments` (
  `Department_ID` int NOT NULL,
  `Name` varchar(100) DEFAULT NULL,
  `Head` varchar(100) NOT NULL,
  PRIMARY KEY (`Department_ID`)
) ENGINE=InnoDB DEFAULT CHARSET=utf8mb4 COLLATE=utf8mb4_0900_ai_ci;
/*!40101 SET character_set_client = @saved_cs_client */;

--
-- Dumping data for table `departments`
--

LOCK TABLES `departments` WRITE;
/*!40000 ALTER TABLE `departments` DISABLE KEYS */;
INSERT INTO `departments` VALUES (1,'Computer Science','Edward Davis'),(2,'Mathematics','Helen Jones'),(3,'Physics','Diana Garcia'),(4,'Biology','Bob Brown'),(5,'Chemistry','George Johnson'),(6,'History','Helen Johnson'),(7,'English','Helen Jones'),(8,'Economics','Charlie Williams'),(9,'Psychology','Alice Johnson'),(10,'Engineering','Fiona Jones');
/*!40000 ALTER TABLE `departments` ENABLE KEYS */;
UNLOCK TABLES;

--
-- Table structure for table `grades`
--

DROP TABLE IF EXISTS `grades`;
/*!40101 SET @saved_cs_client     = @@character_set_client */;
/*!50503 SET character_set_client = utf8mb4 */;
CREATE TABLE `grades` (
  `Grade_ID` int NOT NULL,
  `Assignment_Title` varchar(255) NOT NULL,
  `Score` int NOT NULL,
  `Assignment_ID` int NOT NULL,
  `Student_ID` int NOT NULL,
  PRIMARY KEY (`Grade_ID`),
  KEY `Grades_Assignments` (`Assignment_ID`),
  KEY `Grades_Students` (`Student_ID`),
  CONSTRAINT `Grades_Assignments` FOREIGN KEY (`Assignment_ID`) REFERENCES `assignments` (`Assignment_ID`),
  CONSTRAINT `Grades_Students` FOREIGN KEY (`Student_ID`) REFERENCES `students` (`Student_ID`),
  CONSTRAINT `grades_chk_1` CHECK (((`Score` > 0) and (`Score` <= 100)))
) ENGINE=InnoDB DEFAULT CHARSET=utf8mb4 COLLATE=utf8mb4_0900_ai_ci;
/*!40101 SET character_set_client = @saved_cs_client */;

--
-- Dumping data for table `grades`
--

LOCK TABLES `grades` WRITE;
/*!40000 ALTER TABLE `grades` DISABLE KEYS */;
INSERT INTO `grades` VALUES (1,'Midterm Exam',68,4,0),(2,'Research Paper',33,5,0),(3,'Case Study',50,2,0),(4,'Lab Report',7,139,0),(5,'Midterm Exam',44,4,14),(6,'Research Paper',34,5,14),(7,'Case Study',51,2,14),(8,'Lab Report',99,139,14),(9,'Midterm Exam',9,4,22),(10,'Research Paper',27,5,22),(11,'Case Study',13,2,22),(12,'Lab Report',48,139,22),(13,'Midterm Exam',47,4,27),(14,'Research Paper',21,5,27),(15,'Case Study',51,2,27),(16,'Lab Report',27,139,27),(17,'Midterm Exam',27,4,58),(18,'Research Paper',81,5,58),(19,'Case Study',19,2,58),(20,'Lab Report',49,139,58),(21,'Midterm Exam',35,4,61),(22,'Research Paper',94,5,61),(23,'Case Study',62,2,61),(24,'Lab Report',61,139,61),(25,'Midterm Exam',22,4,80),(26,'Research Paper',13,5,80),(27,'Case Study',34,2,80),(28,'Lab Report',29,139,80),(33,'Midterm Exam',35,4,93),(34,'Research Paper',71,5,93),(35,'Case Study',17,2,93),(36,'Lab Report',83,139,93),(37,'Midterm Exam',19,4,97),(38,'Research Paper',74,5,97),(39,'Case Study',63,2,97),(40,'Lab Report',94,139,97),(41,'Midterm Exam',8,4,98),(42,'Research Paper',78,5,98),(43,'Case Study',38,2,98),(44,'Lab Report',74,139,98),(45,'Midterm Exam',8,4,103),(46,'Research Paper',19,5,103),(47,'Case Study',37,2,103),(48,'Lab Report',44,139,103),(49,'Midterm Exam',66,4,109),(50,'Research Paper',63,5,109),(51,'Case Study',20,2,109),(52,'Lab Report',92,139,109),(53,'Midterm Exam',60,4,116),(54,'Research Paper',7,5,116),(55,'Case Study',52,2,116),(56,'Lab Report',89,139,116),(57,'Midterm Exam',63,4,134),(58,'Research Paper',20,5,134),(59,'Case Study',74,2,134),(60,'Lab Report',86,139,134),(61,'Midterm Exam',80,4,139),(62,'Research Paper',75,5,139),(63,'Case Study',10,2,139),(64,'Lab Report',51,139,139),(65,'Midterm Exam',81,4,191),(66,'Research Paper',1,5,191),(67,'Case Study',12,2,191),(68,'Lab Report',43,139,191),(69,'Midterm Exam',55,4,213),(70,'Research Paper',53,5,213),(71,'Case Study',9,2,213),(72,'Lab Report',27,139,213),(73,'Midterm Exam',52,4,239),(74,'Research Paper',70,5,239),(75,'Case Study',87,2,239),(76,'Lab Report',93,139,239),(77,'Midterm Exam',6,4,256),(78,'Research Paper',70,5,256),(79,'Case Study',68,2,256),(80,'Lab Report',78,139,256),(81,'Midterm Exam',29,4,278),(82,'Research Paper',31,5,278),(83,'Case Study',27,2,278),(84,'Lab Report',47,139,278),(85,'Midterm Exam',31,4,280),(86,'Research Paper',4,5,280),(87,'Case Study',6,2,280),(88,'Lab Report',55,139,280),(89,'Midterm Exam',96,4,289),(90,'Research Paper',70,5,289),(91,'Case Study',70,2,289),(92,'Lab Report',63,139,289),(93,'Midterm Exam',28,4,299),(94,'Research Paper',76,5,299),(95,'Case Study',78,2,299),(96,'Lab Report',71,139,299),(97,'Homework 1',59,48,0),(98,'Final Exam',1,39,0),(99,'Project 1',39,40,0),(100,'Research Paper',1,5,0),(101,'Quiz 1',11,68,0),(102,'Homework 1',19,48,5),(103,'Final Exam',61,39,5),(104,'Project 1',98,40,5),(105,'Research Paper',12,5,5),(106,'Quiz 1',89,68,5),(107,'Homework 1',64,48,8),(108,'Final Exam',2,39,8),(109,'Project 1',6,40,8),(110,'Research Paper',31,5,8),(111,'Quiz 1',10,68,8),(112,'Homework 1',17,48,24),(113,'Final Exam',96,39,24),(114,'Project 1',87,40,24),(115,'Research Paper',73,5,24),(116,'Quiz 1',88,68,24),(117,'Homework 1',76,48,26),(118,'Final Exam',78,39,26),(119,'Project 1',40,40,26),(120,'Research Paper',22,5,26),(121,'Quiz 1',67,68,26),(122,'Homework 1',56,48,34),(123,'Final Exam',87,39,34),(124,'Project 1',63,40,34),(125,'Research Paper',37,5,34),(126,'Quiz 1',65,68,34),(127,'Homework 1',56,48,86),(128,'Final Exam',86,39,86),(129,'Project 1',16,40,86),(130,'Research Paper',82,5,86),(131,'Quiz 1',10,68,86),(132,'Homework 1',29,48,117),(133,'Final Exam',78,39,117),(134,'Project 1',88,40,117),(135,'Research Paper',23,5,117),(136,'Quiz 1',92,68,117),(137,'Homework 1',99,48,133),(138,'Final Exam',96,39,133),(139,'Project 1',8,40,133),(140,'Research Paper',74,5,133),(141,'Quiz 1',83,68,133),(142,'Homework 1',93,48,143),(143,'Final Exam',40,39,143),(144,'Project 1',6,40,143),(145,'Research Paper',82,5,143),(146,'Quiz 1',35,68,143),(147,'Homework 1',4,48,144),(148,'Final Exam',100,39,144),(149,'Project 1',29,40,144),(150,'Research Paper',27,5,144),(151,'Quiz 1',38,68,144),(152,'Homework 1',54,48,149),(153,'Final Exam',89,39,149),(154,'Project 1',15,40,149),(155,'Research Paper',29,5,149),(156,'Quiz 1',11,68,149),(157,'Homework 1',26,48,168),(158,'Final Exam',73,39,168),(159,'Project 1',91,40,168),(160,'Research Paper',9,5,168),(161,'Quiz 1',62,68,168),(162,'Homework 1',47,48,203),(163,'Final Exam',31,39,203),(164,'Project 1',55,40,203),(165,'Research Paper',42,5,203),(166,'Quiz 1',70,68,203),(167,'Homework 1',74,48,208),(168,'Final Exam',42,39,208),(169,'Project 1',43,40,208),(170,'Research Paper',52,5,208),(171,'Quiz 1',3,68,208),(172,'Homework 1',94,48,283),(173,'Final Exam',5,39,283),(174,'Project 1',17,40,283),(175,'Research Paper',36,5,283),(176,'Quiz 1',39,68,283),(177,'Homework 1',37,48,284),(178,'Final Exam',21,39,284),(179,'Project 1',45,40,284),(180,'Research Paper',80,5,284),(181,'Quiz 1',14,68,284),(182,'Homework 1',48,48,296),(183,'Final Exam',9,39,296),(184,'Project 1',75,40,296),(185,'Research Paper',19,5,296),(186,'Quiz 1',52,68,296),(187,'Lab Report',8,139,0),(188,'Midterm Exam',14,4,0),(189,'Quiz 1',99,68,0),(190,'Final Exam',46,39,0),(191,'Homework 1',5,48,0),(192,'Lab Report',30,139,38),(193,'Midterm Exam',82,4,38),(194,'Quiz 1',7,68,38),(195,'Final Exam',74,39,38),(196,'Homework 1',38,48,38),(197,'Lab Report',27,139,39),(198,'Midterm Exam',35,4,39),(199,'Quiz 1',100,68,39),(200,'Final Exam',28,39,39),(201,'Homework 1',16,48,39),(202,'Lab Report',4,139,46),(203,'Midterm Exam',91,4,46),(204,'Quiz 1',64,68,46),(205,'Final Exam',92,39,46),(206,'Homework 1',2,48,46),(207,'Lab Report',89,139,63),(208,'Midterm Exam',86,4,63),(209,'Quiz 1',26,68,63),(210,'Final Exam',63,39,63),(211,'Homework 1',92,48,63),(212,'Lab Report',12,139,66),(213,'Midterm Exam',98,4,66),(214,'Quiz 1',87,68,66),(215,'Final Exam',55,39,66),(216,'Homework 1',15,48,66),(217,'Lab Report',2,139,116),(218,'Midterm Exam',12,4,116),(219,'Quiz 1',41,68,116),(220,'Final Exam',43,39,116),(221,'Homework 1',13,48,116),(222,'Lab Report',86,139,151),(223,'Midterm Exam',52,4,151),(224,'Quiz 1',100,68,151),(225,'Final Exam',46,39,151),(226,'Homework 1',81,48,151),(227,'Lab Report',37,139,173),(228,'Midterm Exam',71,4,173),(229,'Quiz 1',54,68,173),(230,'Final Exam',92,39,173),(231,'Homework 1',96,48,173),(232,'Lab Report',25,139,209),(233,'Midterm Exam',34,4,209),(234,'Quiz 1',90,68,209),(235,'Final Exam',86,39,209),(236,'Homework 1',40,48,209),(237,'Lab Report',23,139,218),(238,'Midterm Exam',19,4,218),(239,'Quiz 1',43,68,218),(240,'Final Exam',30,39,218),(241,'Homework 1',56,48,218),(242,'Lab Report',63,139,275),(243,'Midterm Exam',54,4,275),(244,'Quiz 1',73,68,275),(245,'Final Exam',81,39,275),(246,'Homework 1',24,48,275),(247,'Presentation',55,3,0),(248,'Discussion Board',57,1,0),(249,'Final Exam',73,39,0),(250,'Presentation',35,3,14),(251,'Discussion Board',95,1,14),(252,'Final Exam',65,39,14),(253,'Presentation',99,3,22),(254,'Discussion Board',54,1,22),(255,'Final Exam',46,39,22),(256,'Presentation',22,3,53),(257,'Discussion Board',86,1,53),(258,'Final Exam',80,39,53),(259,'Presentation',55,3,58),(260,'Discussion Board',92,1,58),(261,'Final Exam',71,39,58),(262,'Presentation',41,3,79),(263,'Discussion Board',1,1,79),(264,'Final Exam',68,39,79),(268,'Presentation',98,3,96),(269,'Discussion Board',61,1,96),(270,'Final Exam',31,39,96),(271,'Presentation',74,3,109),(272,'Discussion Board',89,1,109),(273,'Final Exam',33,39,109),(274,'Presentation',33,3,117),(275,'Discussion Board',15,1,117),(276,'Final Exam',89,39,117),(277,'Presentation',54,3,124),(278,'Discussion Board',88,1,124),(279,'Final Exam',5,39,124),(280,'Presentation',44,3,138),(281,'Discussion Board',4,1,138),(282,'Final Exam',14,39,138),(283,'Presentation',14,3,148),(284,'Discussion Board',80,1,148),(285,'Final Exam',68,39,148),(286,'Presentation',35,3,160),(287,'Discussion Board',96,1,160),(288,'Final Exam',59,39,160),(289,'Presentation',71,3,188),(290,'Discussion Board',33,1,188),(291,'Final Exam',17,39,188),(292,'Presentation',55,3,221),(293,'Discussion Board',20,1,221),(294,'Final Exam',91,39,221),(295,'Presentation',17,3,224),(296,'Discussion Board',71,1,224),(297,'Final Exam',5,39,224),(298,'Presentation',51,3,247),(299,'Discussion Board',84,1,247),(300,'Final Exam',45,39,247),(301,'Presentation',69,3,252),(302,'Discussion Board',49,1,252),(303,'Final Exam',97,39,252),(304,'Presentation',22,3,261),(305,'Discussion Board',30,1,261),(306,'Final Exam',94,39,261),(307,'Presentation',82,3,267),(308,'Discussion Board',27,1,267),(309,'Final Exam',37,39,267),(310,'Presentation',7,3,293),(311,'Discussion Board',36,1,293),(312,'Final Exam',94,39,293),(313,'Presentation',50,3,295),(314,'Discussion Board',46,1,295),(315,'Final Exam',19,39,295),(316,'Presentation',68,3,299),(317,'Discussion Board',51,1,299),(318,'Final Exam',95,39,299),(319,'Research Paper',94,5,1),(320,'Presentation',2,3,1),(321,'Quiz 1',43,68,1),(322,'Final Exam',3,39,1),(323,'Lab Report',9,139,1),(324,'Midterm Exam',74,4,1),(325,'Research Paper',17,5,12),(326,'Presentation',68,3,12),(327,'Quiz 1',26,68,12),(328,'Final Exam',82,39,12),(329,'Lab Report',83,139,12),(330,'Midterm Exam',71,4,12),(331,'Research Paper',30,5,14),(332,'Presentation',42,3,14),(333,'Quiz 1',69,68,14),(334,'Final Exam',50,39,14),(335,'Lab Report',43,139,14),(336,'Midterm Exam',36,4,14),(337,'Research Paper',56,5,15),(338,'Presentation',68,3,15),(339,'Quiz 1',77,68,15),(340,'Final Exam',67,39,15),(341,'Lab Report',10,139,15),(342,'Midterm Exam',80,4,15),(343,'Research Paper',67,5,18),(344,'Presentation',97,3,18),(345,'Quiz 1',26,68,18),(346,'Final Exam',56,39,18),(347,'Lab Report',68,139,18),(348,'Midterm Exam',7,4,18),(349,'Research Paper',19,5,42),(350,'Presentation',37,3,42),(351,'Quiz 1',54,68,42),(352,'Final Exam',33,39,42),(353,'Lab Report',40,139,42),(354,'Midterm Exam',95,4,42),(355,'Research Paper',72,5,52),(356,'Presentation',72,3,52),(357,'Quiz 1',26,68,52),(358,'Final Exam',17,39,52),(359,'Lab Report',41,139,52),(360,'Midterm Exam',96,4,52),(361,'Research Paper',42,5,58),(362,'Presentation',51,3,58),(363,'Quiz 1',51,68,58),(364,'Final Exam',36,39,58),(365,'Lab Report',42,139,58),(366,'Midterm Exam',48,4,58),(367,'Research Paper',80,5,60),(368,'Presentation',67,3,60),(369,'Quiz 1',44,68,60),(370,'Final Exam',78,39,60),(371,'Lab Report',19,139,60),(372,'Midterm Exam',27,4,60),(373,'Research Paper',12,5,70),(374,'Presentation',69,3,70),(375,'Quiz 1',66,68,70),(376,'Final Exam',41,39,70),(377,'Lab Report',22,139,70),(378,'Midterm Exam',49,4,70),(379,'Research Paper',57,5,110),(380,'Presentation',92,3,110),(381,'Quiz 1',43,68,110),(382,'Final Exam',63,39,110),(383,'Lab Report',20,139,110),(384,'Midterm Exam',15,4,110),(385,'Research Paper',21,5,119),(386,'Presentation',67,3,119),(387,'Quiz 1',93,68,119),(388,'Final Exam',62,39,119),(389,'Lab Report',44,139,119),(390,'Midterm Exam',28,4,119),(391,'Research Paper',46,5,136),(392,'Presentation',11,3,136),(393,'Quiz 1',3,68,136),(394,'Final Exam',58,39,136),(395,'Lab Report',42,139,136),(396,'Midterm Exam',90,4,136),(397,'Research Paper',43,5,151),(398,'Presentation',82,3,151),(399,'Quiz 1',46,68,151),(400,'Final Exam',91,39,151),(401,'Lab Report',21,139,151),(402,'Midterm Exam',37,4,151),(403,'Research Paper',24,5,174),(404,'Presentation',87,3,174),(405,'Quiz 1',56,68,174),(406,'Final Exam',36,39,174),(407,'Lab Report',62,139,174),(408,'Midterm Exam',52,4,174),(409,'Research Paper',71,5,182),(410,'Presentation',39,3,182),(411,'Quiz 1',24,68,182),(412,'Final Exam',91,39,182),(413,'Lab Report',100,139,182),(414,'Midterm Exam',100,4,182),(415,'Research Paper',7,5,196),(416,'Presentation',42,3,196),(417,'Quiz 1',43,68,196),(418,'Final Exam',29,39,196),(419,'Lab Report',38,139,196),(420,'Midterm Exam',65,4,196),(421,'Research Paper',86,5,201),(422,'Presentation',88,3,201),(423,'Quiz 1',35,68,201),(424,'Final Exam',35,39,201),(425,'Lab Report',71,139,201),(426,'Midterm Exam',16,4,201),(427,'Research Paper',74,5,225),(428,'Presentation',39,3,225),(429,'Quiz 1',45,68,225),(430,'Final Exam',85,39,225),(431,'Lab Report',84,139,225),(432,'Midterm Exam',67,4,225),(433,'Research Paper',89,5,229),(434,'Presentation',28,3,229),(435,'Quiz 1',51,68,229),(436,'Final Exam',21,39,229),(437,'Lab Report',38,139,229),(438,'Midterm Exam',5,4,229),(439,'Research Paper',97,5,240),(440,'Presentation',12,3,240),(441,'Quiz 1',89,68,240),(442,'Final Exam',99,39,240),(443,'Lab Report',61,139,240),(444,'Midterm Exam',12,4,240),(445,'Research Paper',60,5,255),(446,'Presentation',92,3,255),(447,'Quiz 1',18,68,255),(448,'Final Exam',26,39,255),(449,'Lab Report',33,139,255),(450,'Midterm Exam',77,4,255),(451,'Research Paper',21,5,274),(452,'Presentation',76,3,274),(453,'Quiz 1',59,68,274),(454,'Final Exam',32,39,274),(455,'Lab Report',83,139,274),(456,'Midterm Exam',21,4,274),(457,'Research Paper',66,5,302),(458,'Presentation',22,3,302),(459,'Quiz 1',14,68,302),(460,'Final Exam',86,39,302),(461,'Lab Report',47,139,302),(462,'Midterm Exam',71,4,302),(463,'Research Paper',91,5,1),(464,'Midterm Exam',53,4,1),(465,'Final Exam',12,39,1),(466,'Case Study',94,2,1),(467,'Presentation',57,3,1),(468,'Project 1',14,40,1),(469,'Research Paper',74,5,3),(470,'Midterm Exam',11,4,3),(471,'Final Exam',93,39,3),(472,'Case Study',57,2,3),(473,'Presentation',63,3,3),(474,'Project 1',80,40,3),(475,'Research Paper',21,5,8),(476,'Midterm Exam',89,4,8),(477,'Final Exam',53,39,8),(478,'Case Study',28,2,8),(479,'Presentation',86,3,8),(480,'Project 1',32,40,8),(481,'Research Paper',93,5,9),(482,'Midterm Exam',37,4,9),(483,'Final Exam',95,39,9),(484,'Case Study',60,2,9),(485,'Presentation',44,3,9),(486,'Project 1',80,40,9),(487,'Research Paper',15,5,27),(488,'Midterm Exam',38,4,27),(489,'Final Exam',44,39,27),(490,'Case Study',46,2,27),(491,'Presentation',57,3,27),(492,'Project 1',38,40,27),(493,'Research Paper',5,5,46),(494,'Midterm Exam',47,4,46),(495,'Final Exam',68,39,46),(496,'Case Study',40,2,46),(497,'Presentation',71,3,46),(498,'Project 1',7,40,46),(499,'Research Paper',58,5,67),(500,'Midterm Exam',85,4,67),(501,'Final Exam',29,39,67),(502,'Case Study',28,2,67),(503,'Presentation',1,3,67),(504,'Project 1',91,40,67),(505,'Research Paper',49,5,92),(506,'Midterm Exam',98,4,92),(507,'Final Exam',90,39,92),(508,'Case Study',96,2,92),(509,'Presentation',57,3,92),(510,'Project 1',56,40,92),(511,'Research Paper',26,5,103),(512,'Midterm Exam',20,4,103),(513,'Final Exam',28,39,103),(514,'Case Study',93,2,103),(515,'Presentation',40,3,103),(516,'Project 1',84,40,103),(517,'Research Paper',91,5,157),(518,'Midterm Exam',19,4,157),(519,'Final Exam',33,39,157),(520,'Case Study',98,2,157),(521,'Presentation',85,3,157),(522,'Project 1',75,40,157),(523,'Research Paper',64,5,182),(524,'Midterm Exam',22,4,182),(525,'Final Exam',44,39,182),(526,'Case Study',17,2,182),(527,'Presentation',65,3,182),(528,'Project 1',2,40,182),(529,'Research Paper',41,5,188),(530,'Midterm Exam',71,4,188),(531,'Final Exam',58,39,188),(532,'Case Study',33,2,188),(533,'Presentation',87,3,188),(534,'Project 1',43,40,188),(535,'Research Paper',14,5,202),(536,'Midterm Exam',22,4,202),(537,'Final Exam',64,39,202),(538,'Case Study',14,2,202),(539,'Presentation',60,3,202),(540,'Project 1',13,40,202),(541,'Research Paper',33,5,207),(542,'Midterm Exam',20,4,207),(543,'Final Exam',8,39,207),(544,'Case Study',1,2,207),(545,'Presentation',14,3,207),(546,'Project 1',13,40,207),(547,'Research Paper',97,5,224),(548,'Midterm Exam',60,4,224),(549,'Final Exam',90,39,224),(550,'Case Study',35,2,224),(551,'Presentation',31,3,224),(552,'Project 1',71,40,224),(553,'Research Paper',89,5,249),(554,'Midterm Exam',60,4,249),(555,'Final Exam',72,39,249),(556,'Case Study',87,2,249),(557,'Presentation',32,3,249),(558,'Project 1',96,40,249),(559,'Research Paper',38,5,256),(560,'Midterm Exam',50,4,256),(561,'Final Exam',16,39,256),(562,'Case Study',2,2,256),(563,'Presentation',47,3,256),(564,'Project 1',11,40,256),(565,'Research Paper',86,5,258),(566,'Midterm Exam',32,4,258),(567,'Final Exam',93,39,258),(568,'Case Study',67,2,258),(569,'Presentation',60,3,258),(570,'Project 1',63,40,258),(571,'Research Paper',82,5,274),(572,'Midterm Exam',67,4,274),(573,'Final Exam',58,39,274),(574,'Case Study',3,2,274),(575,'Presentation',13,3,274),(576,'Project 1',88,40,274),(577,'Research Paper',51,5,279),(578,'Midterm Exam',80,4,279),(579,'Final Exam',56,39,279),(580,'Case Study',29,2,279),(581,'Presentation',13,3,279),(582,'Project 1',42,40,279),(583,'Research Paper',68,5,285),(584,'Midterm Exam',92,4,285),(585,'Final Exam',79,39,285),(586,'Case Study',20,2,285),(587,'Presentation',12,3,285),(588,'Project 1',33,40,285),(589,'Final Exam',45,39,2),(590,'Discussion Board',41,1,2),(591,'Final Exam',55,39,23),(592,'Discussion Board',77,1,23),(593,'Final Exam',10,39,33),(594,'Discussion Board',18,1,33),(595,'Final Exam',7,39,44),(596,'Discussion Board',39,1,44),(597,'Final Exam',8,39,56),(598,'Discussion Board',60,1,56),(599,'Final Exam',82,39,66),(600,'Discussion Board',97,1,66),(601,'Final Exam',49,39,72),(602,'Discussion Board',56,1,72),(603,'Final Exam',41,39,80),(604,'Discussion Board',85,1,80),(605,'Final Exam',86,39,82),(606,'Discussion Board',54,1,82),(607,'Final Exam',27,39,91),(608,'Discussion Board',88,1,91),(609,'Final Exam',12,39,108),(610,'Discussion Board',26,1,108),(611,'Final Exam',69,39,117),(612,'Discussion Board',57,1,117),(613,'Final Exam',67,39,131),(614,'Discussion Board',51,1,131),(615,'Final Exam',87,39,143),(616,'Discussion Board',84,1,143),(617,'Final Exam',100,39,156),(618,'Discussion Board',26,1,156),(619,'Final Exam',94,39,171),(620,'Discussion Board',52,1,171),(621,'Final Exam',84,39,176),(622,'Discussion Board',27,1,176),(623,'Final Exam',37,39,179),(624,'Discussion Board',24,1,179),(625,'Final Exam',60,39,204),(626,'Discussion Board',58,1,204),(627,'Final Exam',5,39,216),(628,'Discussion Board',41,1,216),(629,'Final Exam',11,39,245),(630,'Discussion Board',19,1,245),(631,'Final Exam',81,39,246),(632,'Discussion Board',62,1,246),(633,'Final Exam',42,39,270),(634,'Discussion Board',18,1,270),(635,'Final Exam',32,39,281),(636,'Discussion Board',92,1,281),(637,'Final Exam',44,39,305),(638,'Discussion Board',12,1,305),(639,'Discussion Board',19,1,2),(640,'Project 1',38,40,2),(641,'Discussion Board',33,1,21),(642,'Project 1',47,40,21),(643,'Discussion Board',16,1,25),(644,'Project 1',56,40,25),(645,'Discussion Board',70,1,91),(646,'Project 1',88,40,91),(647,'Discussion Board',1,1,92),(648,'Project 1',86,40,92),(649,'Discussion Board',56,1,99),(650,'Project 1',7,40,99),(651,'Discussion Board',18,1,104),(652,'Project 1',1,40,104),(653,'Discussion Board',57,1,114),(654,'Project 1',50,40,114),(655,'Discussion Board',23,1,129),(656,'Project 1',25,40,129),(657,'Discussion Board',13,1,139),(658,'Project 1',66,40,139),(659,'Discussion Board',77,1,150),(660,'Project 1',3,40,150),(661,'Discussion Board',31,1,191),(662,'Project 1',32,40,191),(663,'Discussion Board',84,1,192),(664,'Project 1',96,40,192),(665,'Discussion Board',8,1,204),(666,'Project 1',86,40,204),(667,'Discussion Board',17,1,207),(668,'Project 1',11,40,207),(669,'Discussion Board',33,1,210),(670,'Project 1',83,40,210),(671,'Discussion Board',52,1,237),(672,'Project 1',81,40,237),(673,'Discussion Board',52,1,251),(674,'Project 1',62,40,251),(675,'Discussion Board',52,1,260),(676,'Project 1',63,40,260),(677,'Discussion Board',36,1,267),(678,'Project 1',12,40,267),(679,'Discussion Board',99,1,270),(680,'Project 1',30,40,270),(681,'Discussion Board',46,1,3),(682,'Homework 1',3,48,3),(683,'Midterm Exam',67,4,3),(684,'Case Study',25,2,3),(685,'Discussion Board',14,1,25),(686,'Homework 1',33,48,25),(687,'Midterm Exam',46,4,25),(688,'Case Study',33,2,25),(689,'Discussion Board',16,1,39),(690,'Homework 1',77,48,39),(691,'Midterm Exam',64,4,39),(692,'Case Study',23,2,39),(693,'Discussion Board',43,1,61),(694,'Homework 1',24,48,61),(695,'Midterm Exam',73,4,61),(696,'Case Study',75,2,61),(697,'Discussion Board',91,1,102),(698,'Homework 1',40,48,102),(699,'Midterm Exam',58,4,102),(700,'Case Study',16,2,102),(701,'Discussion Board',66,1,222),(702,'Homework 1',88,48,222),(703,'Midterm Exam',53,4,222),(704,'Case Study',71,2,222),(705,'Discussion Board',62,1,244),(706,'Homework 1',50,48,244),(707,'Midterm Exam',30,4,244),(708,'Case Study',46,2,244),(709,'Discussion Board',22,1,254),(710,'Homework 1',4,48,254),(711,'Midterm Exam',54,4,254),(712,'Case Study',29,2,254),(713,'Discussion Board',61,1,265),(714,'Homework 1',74,48,265),(715,'Midterm Exam',34,4,265),(716,'Case Study',29,2,265),(717,'Discussion Board',30,1,271),(718,'Homework 1',45,48,271),(719,'Midterm Exam',49,4,271),(720,'Case Study',24,2,271),(721,'Discussion Board',75,1,273),(722,'Homework 1',87,48,273),(723,'Midterm Exam',93,4,273),(724,'Case Study',59,2,273),(725,'Discussion Board',55,1,288),(726,'Homework 1',63,48,288),(727,'Midterm Exam',67,4,288),(728,'Case Study',47,2,288),(729,'Discussion Board',6,1,303),(730,'Homework 1',36,48,303),(731,'Midterm Exam',38,4,303),(732,'Case Study',82,2,303),(733,'Discussion Board',31,1,3),(734,'Research Paper',59,5,3),(735,'Quiz 1',88,68,3),(736,'Presentation',1,3,3),(737,'Case Study',97,2,3),(738,'Lab Report',52,139,3),(739,'Discussion Board',26,1,10),(740,'Research Paper',66,5,10),(741,'Quiz 1',9,68,10),(742,'Presentation',18,3,10),(743,'Case Study',53,2,10),(744,'Lab Report',41,139,10),(745,'Discussion Board',80,1,28),(746,'Research Paper',5,5,28),(747,'Quiz 1',13,68,28),(748,'Presentation',38,3,28),(749,'Case Study',7,2,28),(750,'Lab Report',76,139,28),(751,'Discussion Board',85,1,34),(752,'Research Paper',53,5,34),(753,'Quiz 1',86,68,34),(754,'Presentation',44,3,34),(755,'Case Study',27,2,34),(756,'Lab Report',61,139,34),(757,'Discussion Board',36,1,54),(758,'Research Paper',70,5,54),(759,'Quiz 1',31,68,54),(760,'Presentation',56,3,54),(761,'Case Study',21,2,54),(762,'Lab Report',5,139,54),(763,'Discussion Board',66,1,71),(764,'Research Paper',87,5,71),(765,'Quiz 1',16,68,71),(766,'Presentation',91,3,71),(767,'Case Study',81,2,71),(768,'Lab Report',80,139,71),(769,'Discussion Board',56,1,74),(770,'Research Paper',97,5,74),(771,'Quiz 1',76,68,74),(772,'Presentation',60,3,74),(773,'Case Study',25,2,74),(774,'Lab Report',6,139,74),(775,'Discussion Board',71,1,77),(776,'Research Paper',78,5,77),(777,'Quiz 1',77,68,77),(778,'Presentation',81,3,77),(779,'Case Study',90,2,77),(780,'Lab Report',37,139,77),(781,'Discussion Board',40,1,78),(782,'Research Paper',98,5,78),(783,'Quiz 1',29,68,78),(784,'Presentation',69,3,78),(785,'Case Study',93,2,78),(786,'Lab Report',76,139,78),(787,'Discussion Board',39,1,87),(788,'Research Paper',10,5,87),(789,'Quiz 1',53,68,87),(790,'Presentation',26,3,87),(791,'Case Study',6,2,87),(792,'Lab Report',33,139,87),(793,'Discussion Board',87,1,93),(794,'Research Paper',35,5,93),(795,'Quiz 1',82,68,93),(796,'Presentation',13,3,93),(797,'Case Study',51,2,93),(798,'Lab Report',59,139,93),(799,'Discussion Board',89,1,102),(800,'Research Paper',4,5,102),(801,'Quiz 1',7,68,102),(802,'Presentation',10,3,102),(803,'Case Study',13,2,102),(804,'Lab Report',68,139,102),(805,'Discussion Board',26,1,117),(806,'Research Paper',77,5,117),(807,'Quiz 1',8,68,117),(808,'Presentation',70,3,117),(809,'Case Study',18,2,117),(810,'Lab Report',94,139,117),(811,'Discussion Board',95,1,122),(812,'Research Paper',97,5,122),(813,'Quiz 1',92,68,122),(814,'Presentation',57,3,122),(815,'Case Study',58,2,122),(816,'Lab Report',40,139,122),(817,'Discussion Board',68,1,137),(818,'Research Paper',40,5,137),(819,'Quiz 1',6,68,137),(820,'Presentation',60,3,137),(821,'Case Study',72,2,137),(822,'Lab Report',13,139,137),(823,'Discussion Board',19,1,140),(824,'Research Paper',73,5,140),(825,'Quiz 1',33,68,140),(826,'Presentation',92,3,140),(827,'Case Study',65,2,140),(828,'Lab Report',24,139,140),(829,'Discussion Board',31,1,162),(830,'Research Paper',22,5,162),(831,'Quiz 1',76,68,162),(832,'Presentation',61,3,162),(833,'Case Study',12,2,162),(834,'Lab Report',98,139,162),(835,'Discussion Board',57,1,216),(836,'Research Paper',84,5,216),(837,'Quiz 1',58,68,216),(838,'Presentation',20,3,216),(839,'Case Study',95,2,216),(840,'Lab Report',82,139,216),(841,'Discussion Board',90,1,221),(842,'Research Paper',34,5,221),(843,'Quiz 1',43,68,221),(844,'Presentation',84,3,221),(845,'Case Study',15,2,221),(846,'Lab Report',99,139,221),(847,'Discussion Board',17,1,236),(848,'Research Paper',23,5,236),(849,'Quiz 1',85,68,236),(850,'Presentation',54,3,236),(851,'Case Study',76,2,236),(852,'Lab Report',97,139,236),(853,'Discussion Board',98,1,249),(854,'Research Paper',85,5,249),(855,'Quiz 1',17,68,249),(856,'Presentation',31,3,249),(857,'Case Study',97,2,249),(858,'Lab Report',79,139,249),(859,'Discussion Board',58,1,267),(860,'Research Paper',54,5,267),(861,'Quiz 1',84,68,267),(862,'Presentation',84,3,267),(863,'Case Study',30,2,267),(864,'Lab Report',39,139,267),(865,'Discussion Board',27,1,276),(866,'Research Paper',69,5,276),(867,'Quiz 1',69,68,276),(868,'Presentation',55,3,276),(869,'Case Study',20,2,276),(870,'Lab Report',58,139,276),(871,'Discussion Board',81,1,292),(872,'Research Paper',65,5,292),(873,'Quiz 1',29,68,292),(874,'Presentation',74,3,292),(875,'Case Study',63,2,292),(876,'Lab Report',76,139,292),(877,'Discussion Board',43,1,302),(878,'Research Paper',8,5,302),(879,'Quiz 1',97,68,302),(880,'Presentation',28,3,302),(881,'Case Study',18,2,302),(882,'Lab Report',86,139,302),(883,'Homework 1',28,48,3),(884,'Final Exam',71,39,3),(885,'Midterm Exam',87,4,3),(886,'Lab Report',57,139,3),(887,'Quiz 1',29,68,3),(888,'Project 1',96,40,3),(889,'Homework 1',68,48,14),(890,'Final Exam',36,39,14),(891,'Midterm Exam',85,4,14),(892,'Lab Report',74,139,14),(893,'Quiz 1',1,68,14),(894,'Project 1',55,40,14),(895,'Homework 1',31,48,18),(896,'Final Exam',21,39,18),(897,'Midterm Exam',36,4,18),(898,'Lab Report',10,139,18),(899,'Quiz 1',4,68,18),(900,'Project 1',56,40,18),(901,'Homework 1',98,48,53),(902,'Final Exam',45,39,53),(903,'Midterm Exam',22,4,53),(904,'Lab Report',99,139,53),(905,'Quiz 1',28,68,53),(906,'Project 1',32,40,53),(907,'Homework 1',14,48,66),(908,'Final Exam',62,39,66),(909,'Midterm Exam',52,4,66),(910,'Lab Report',58,139,66),(911,'Quiz 1',46,68,66),(912,'Project 1',70,40,66),(913,'Homework 1',79,48,82),(914,'Final Exam',63,39,82),(915,'Midterm Exam',37,4,82),(916,'Lab Report',62,139,82),(917,'Quiz 1',36,68,82),(918,'Project 1',9,40,82),(919,'Homework 1',73,48,84),(920,'Final Exam',88,39,84),(921,'Midterm Exam',72,4,84),(922,'Lab Report',95,139,84),(923,'Quiz 1',80,68,84),(924,'Project 1',33,40,84),(925,'Homework 1',64,48,95),(926,'Final Exam',19,39,95),(927,'Midterm Exam',76,4,95),(928,'Lab Report',33,139,95),(929,'Quiz 1',29,68,95),(930,'Project 1',16,40,95),(931,'Homework 1',90,48,111),(932,'Final Exam',97,39,111),(933,'Midterm Exam',91,4,111),(934,'Lab Report',4,139,111),(935,'Quiz 1',20,68,111),(936,'Project 1',45,40,111),(937,'Homework 1',12,48,125),(938,'Final Exam',66,39,125),(939,'Midterm Exam',48,4,125),(940,'Lab Report',82,139,125),(941,'Quiz 1',77,68,125),(942,'Project 1',37,40,125),(943,'Homework 1',56,48,135),(944,'Final Exam',96,39,135),(945,'Midterm Exam',25,4,135),(946,'Lab Report',14,139,135),(947,'Quiz 1',10,68,135),(948,'Project 1',55,40,135),(949,'Homework 1',8,48,141),(950,'Final Exam',47,39,141),(951,'Midterm Exam',65,4,141),(952,'Lab Report',19,139,141),(953,'Quiz 1',94,68,141),(954,'Project 1',98,40,141),(955,'Homework 1',7,48,150),(956,'Final Exam',94,39,150),(957,'Midterm Exam',82,4,150),(958,'Lab Report',88,139,150),(959,'Quiz 1',49,68,150),(960,'Project 1',92,40,150),(961,'Homework 1',31,48,201),(962,'Final Exam',6,39,201),(963,'Midterm Exam',74,4,201),(964,'Lab Report',88,139,201),(965,'Quiz 1',74,68,201),(967,'Homework 1',67,48,219),(968,'Final Exam',57,39,219),(969,'Midterm Exam',65,4,219),(970,'Lab Report',72,139,219),(971,'Quiz 1',69,68,219),(972,'Project 1',51,40,219),(973,'Homework 1',34,48,223),(974,'Final Exam',50,39,223),(975,'Midterm Exam',50,4,223),(976,'Lab Report',70,139,223),(977,'Quiz 1',17,68,223),(978,'Project 1',68,40,223),(979,'Homework 1',84,48,225),(980,'Final Exam',75,39,225),(981,'Midterm Exam',46,4,225),(982,'Lab Report',35,139,225),(983,'Quiz 1',86,68,225),(984,'Project 1',49,40,225),(985,'Homework 1',13,48,226),(986,'Final Exam',20,39,226),(987,'Midterm Exam',68,4,226),(988,'Lab Report',3,139,226),(989,'Quiz 1',28,68,226),(990,'Project 1',67,40,226),(991,'Homework 1',70,48,235),(992,'Final Exam',28,39,235),(993,'Midterm Exam',66,4,235),(994,'Lab Report',16,139,235),(995,'Quiz 1',9,68,235),(996,'Project 1',46,40,235),(997,'Homework 1',93,48,237),(998,'Final Exam',90,39,237),(999,'Midterm Exam',96,4,237),(1000,'Lab Report',49,139,237),(1001,'Quiz 1',94,68,237),(1002,'Project 1',90,40,237),(1003,'Homework 1',68,48,259),(1004,'Final Exam',4,39,259),(1005,'Midterm Exam',56,4,259),(1006,'Lab Report',37,139,259),(1007,'Quiz 1',24,68,259),(1008,'Project 1',65,40,259),(1009,'Homework 1',21,48,261),(1010,'Final Exam',52,39,261),(1011,'Midterm Exam',19,4,261),(1012,'Lab Report',73,139,261),(1013,'Quiz 1',26,68,261),(1014,'Project 1',59,40,261),(1015,'Homework 1',12,48,292),(1016,'Final Exam',14,39,292),(1017,'Midterm Exam',3,4,292),(1018,'Lab Report',32,139,292),(1019,'Quiz 1',79,68,292),(1020,'Project 1',8,40,292),(1021,'Presentation',87,3,4),(1022,'Project 1',87,40,4),(1023,'Discussion Board',47,1,4),(1024,'Final Exam',69,39,4),(1025,'Presentation',79,3,28),(1026,'Project 1',91,40,28),(1027,'Discussion Board',100,1,28),(1028,'Final Exam',34,39,28),(1029,'Presentation',29,3,55),(1030,'Project 1',79,40,55),(1031,'Discussion Board',63,1,55),(1032,'Final Exam',84,39,55),(1033,'Presentation',100,3,64),(1034,'Project 1',76,40,64),(1035,'Discussion Board',44,1,64),(1036,'Final Exam',86,39,64),(1037,'Presentation',38,3,65),(1038,'Project 1',25,40,65),(1039,'Discussion Board',68,1,65),(1040,'Final Exam',46,39,65),(1041,'Presentation',22,3,80),(1042,'Project 1',20,40,80),(1043,'Discussion Board',52,1,80),(1044,'Final Exam',9,39,80),(1045,'Presentation',25,3,84),(1046,'Project 1',15,40,84),(1047,'Discussion Board',80,1,84),(1048,'Final Exam',43,39,84),(1049,'Presentation',58,3,120),(1050,'Project 1',14,40,120),(1051,'Discussion Board',43,1,120),(1052,'Final Exam',85,39,120),(1053,'Presentation',91,3,157),(1054,'Project 1',93,40,157),(1055,'Discussion Board',27,1,157),(1056,'Final Exam',6,39,157),(1057,'Presentation',45,3,161),(1058,'Project 1',47,40,161),(1059,'Discussion Board',44,1,161),(1060,'Final Exam',76,39,161),(1061,'Presentation',23,3,180),(1062,'Project 1',16,40,180),(1063,'Discussion Board',2,1,180),(1064,'Final Exam',81,39,180),(1065,'Presentation',1,3,187),(1066,'Project 1',17,40,187),(1067,'Discussion Board',11,1,187),(1068,'Final Exam',5,39,187),(1069,'Presentation',72,3,198),(1070,'Project 1',33,40,198),(1071,'Discussion Board',9,1,198),(1072,'Final Exam',98,39,198),(1073,'Presentation',60,3,215),(1074,'Project 1',89,40,215),(1075,'Discussion Board',23,1,215),(1076,'Final Exam',64,39,215),(1077,'Presentation',30,3,238),(1078,'Project 1',80,40,238),(1079,'Discussion Board',92,1,238),(1080,'Final Exam',86,39,238),(1081,'Presentation',26,3,239),(1082,'Project 1',53,40,239),(1083,'Discussion Board',23,1,239),(1084,'Final Exam',18,39,239),(1085,'Presentation',80,3,244),(1086,'Project 1',90,40,244),(1087,'Discussion Board',33,1,244),(1088,'Final Exam',89,39,244),(1089,'Presentation',16,3,275),(1090,'Project 1',77,40,275),(1091,'Discussion Board',6,1,275),(1092,'Final Exam',43,39,275),(1093,'Presentation',27,3,287),(1094,'Project 1',81,40,287),(1095,'Discussion Board',24,1,287),(1096,'Final Exam',96,39,287),(1097,'Presentation',97,3,4),(1098,'Final Exam',23,39,4),(1099,'Case Study',61,2,4),(1100,'Research Paper',63,5,4),(1101,'Project 1',96,40,4),(1102,'Quiz 1',25,68,4),(1103,'Presentation',65,3,37),(1104,'Final Exam',36,39,37),(1105,'Case Study',12,2,37),(1106,'Research Paper',49,5,37),(1107,'Project 1',3,40,37),(1108,'Quiz 1',63,68,37),(1109,'Presentation',43,3,51),(1110,'Final Exam',76,39,51),(1111,'Case Study',56,2,51),(1112,'Research Paper',18,5,51),(1113,'Project 1',80,40,51),(1114,'Quiz 1',58,68,51),(1115,'Presentation',50,3,59),(1116,'Final Exam',37,39,59),(1117,'Case Study',64,2,59),(1118,'Research Paper',87,5,59),(1119,'Project 1',32,40,59),(1120,'Quiz 1',96,68,59),(1121,'Presentation',85,3,106),(1122,'Final Exam',89,39,106),(1123,'Case Study',9,2,106),(1124,'Research Paper',6,5,106),(1125,'Project 1',88,40,106),(1126,'Quiz 1',26,68,106),(1127,'Presentation',71,3,132),(1128,'Final Exam',52,39,132),(1129,'Case Study',18,2,132),(1130,'Research Paper',26,5,132),(1131,'Project 1',57,40,132),(1132,'Quiz 1',98,68,132),(1133,'Presentation',17,3,145),(1134,'Final Exam',55,39,145),(1135,'Case Study',81,2,145),(1136,'Research Paper',9,5,145),(1137,'Project 1',19,40,145),(1138,'Quiz 1',41,68,145),(1139,'Presentation',26,3,151),(1140,'Final Exam',43,39,151),(1141,'Case Study',100,2,151),(1142,'Research Paper',29,5,151),(1143,'Project 1',17,40,151),(1144,'Quiz 1',74,68,151),(1145,'Presentation',20,3,165),(1146,'Final Exam',13,39,165),(1147,'Case Study',85,2,165),(1148,'Research Paper',27,5,165),(1149,'Project 1',78,40,165),(1150,'Quiz 1',44,68,165),(1151,'Presentation',53,3,222),(1152,'Final Exam',64,39,222),(1153,'Case Study',49,2,222),(1154,'Research Paper',25,5,222),(1155,'Project 1',90,40,222),(1156,'Quiz 1',47,68,222),(1157,'Presentation',64,3,236),(1158,'Final Exam',73,39,236),(1159,'Case Study',71,2,236),(1160,'Research Paper',13,5,236),(1161,'Project 1',22,40,236),(1162,'Quiz 1',71,68,236),(1163,'Presentation',24,3,252),(1164,'Final Exam',43,39,252),(1165,'Case Study',8,2,252),(1166,'Research Paper',95,5,252),(1167,'Project 1',27,40,252),(1168,'Quiz 1',89,68,252),(1169,'Presentation',11,3,253),(1170,'Final Exam',70,39,253),(1171,'Case Study',6,2,253),(1172,'Research Paper',34,5,253),(1173,'Project 1',48,40,253),(1174,'Quiz 1',41,68,253),(1175,'Presentation',45,3,262),(1176,'Final Exam',63,39,262),(1177,'Case Study',98,2,262),(1178,'Research Paper',5,5,262),(1179,'Project 1',98,40,262),(1180,'Quiz 1',43,68,262),(1181,'Presentation',86,3,263),(1182,'Final Exam',42,39,263),(1183,'Case Study',53,2,263),(1184,'Research Paper',22,5,263),(1185,'Project 1',79,40,263),(1186,'Quiz 1',89,68,263),(1187,'Presentation',43,3,270),(1188,'Final Exam',94,39,270),(1189,'Case Study',94,2,270),(1190,'Research Paper',86,5,270),(1191,'Project 1',69,40,270),(1192,'Quiz 1',30,68,270),(1193,'Presentation',66,3,299),(1194,'Final Exam',46,39,299),(1195,'Case Study',98,2,299),(1196,'Research Paper',66,5,299),(1197,'Project 1',100,40,299),(1198,'Quiz 1',79,68,299),(1199,'Quiz 1',35,68,4),(1200,'Discussion Board',26,1,4),(1201,'Final Exam',36,39,4),(1202,'Homework 1',58,48,4),(1203,'Quiz 1',54,68,7),(1204,'Discussion Board',89,1,7),(1205,'Final Exam',23,39,7),(1206,'Homework 1',65,48,7),(1207,'Quiz 1',88,68,30),(1208,'Discussion Board',66,1,30),(1209,'Final Exam',83,39,30),(1210,'Homework 1',14,48,30),(1211,'Quiz 1',39,68,34),(1212,'Discussion Board',14,1,34),(1213,'Final Exam',7,39,34),(1214,'Homework 1',97,48,34),(1215,'Quiz 1',83,68,46),(1216,'Discussion Board',84,1,46),(1217,'Final Exam',87,39,46),(1218,'Homework 1',17,48,46),(1219,'Quiz 1',84,68,59),(1220,'Discussion Board',48,1,59),(1221,'Final Exam',38,39,59),(1222,'Homework 1',59,48,59),(1223,'Quiz 1',79,68,86),(1224,'Discussion Board',11,1,86),(1225,'Final Exam',26,39,86),(1226,'Homework 1',21,48,86),(1227,'Quiz 1',63,68,104),(1228,'Discussion Board',40,1,104),(1229,'Final Exam',49,39,104),(1230,'Homework 1',1,48,104),(1231,'Quiz 1',23,68,112),(1232,'Discussion Board',20,1,112),(1233,'Final Exam',73,39,112),(1234,'Homework 1',1,48,112),(1235,'Quiz 1',13,68,157),(1236,'Discussion Board',75,1,157),(1237,'Final Exam',40,39,157),(1238,'Homework 1',2,48,157),(1239,'Quiz 1',4,68,196),(1240,'Discussion Board',45,1,196),(1241,'Final Exam',21,39,196),(1242,'Homework 1',13,48,196),(1243,'Quiz 1',57,68,198),(1244,'Discussion Board',46,1,198),(1245,'Final Exam',34,39,198),(1246,'Homework 1',75,48,198),(1247,'Quiz 1',9,68,214),(1248,'Discussion Board',42,1,214),(1249,'Final Exam',72,39,214),(1250,'Homework 1',13,48,214),(1251,'Quiz 1',95,68,222),(1252,'Discussion Board',100,1,222),(1253,'Final Exam',16,39,222),(1254,'Homework 1',36,48,222),(1255,'Quiz 1',31,68,228),(1256,'Discussion Board',28,1,228),(1257,'Final Exam',61,39,228),(1258,'Homework 1',25,48,228),(1259,'Quiz 1',55,68,243),(1260,'Discussion Board',81,1,243),(1261,'Final Exam',37,39,243),(1262,'Homework 1',83,48,243),(1263,'Quiz 1',51,68,276),(1264,'Discussion Board',31,1,276),(1265,'Final Exam',62,39,276),(1266,'Homework 1',37,48,276),(1267,'Quiz 1',64,68,293),(1268,'Discussion Board',20,1,293),(1269,'Final Exam',13,39,293),(1270,'Homework 1',83,48,293),(1271,'Research Paper',51,5,5),(1272,'Lab Report',84,139,5),(1273,'Quiz 1',49,68,5),(1274,'Midterm Exam',92,4,5),(1275,'Project 1',21,40,5),(1276,'Research Paper',66,5,6),(1277,'Lab Report',20,139,6),(1278,'Quiz 1',89,68,6),(1279,'Midterm Exam',52,4,6),(1280,'Project 1',46,40,6),(1281,'Research Paper',14,5,10),(1282,'Lab Report',67,139,10),(1283,'Quiz 1',46,68,10),(1284,'Midterm Exam',13,4,10),(1285,'Project 1',21,40,10),(1286,'Research Paper',48,5,12),(1287,'Lab Report',61,139,12),(1288,'Quiz 1',47,68,12),(1289,'Midterm Exam',81,4,12),(1290,'Project 1',33,40,12),(1291,'Research Paper',59,5,22),(1292,'Lab Report',21,139,22),(1293,'Quiz 1',96,68,22),(1294,'Midterm Exam',37,4,22),(1295,'Project 1',71,40,22),(1296,'Research Paper',71,5,24),(1297,'Lab Report',31,139,24),(1298,'Quiz 1',72,68,24),(1299,'Midterm Exam',16,4,24),(1300,'Project 1',65,40,24),(1301,'Research Paper',23,5,52),(1302,'Lab Report',6,139,52),(1303,'Quiz 1',16,68,52),(1304,'Midterm Exam',38,4,52),(1305,'Project 1',98,40,52),(1306,'Research Paper',50,5,62),(1307,'Lab Report',26,139,62),(1308,'Quiz 1',34,68,62),(1309,'Midterm Exam',91,4,62),(1310,'Project 1',17,40,62),(1311,'Research Paper',56,5,64),(1312,'Lab Report',82,139,64),(1313,'Quiz 1',49,68,64),(1314,'Midterm Exam',98,4,64),(1315,'Project 1',92,40,64),(1316,'Research Paper',5,5,67),(1317,'Lab Report',94,139,67),(1319,'Midterm Exam',98,4,67),(1320,'Project 1',18,40,67),(1321,'Research Paper',96,5,97),(1322,'Lab Report',66,139,97),(1323,'Quiz 1',12,68,97),(1324,'Midterm Exam',39,4,97),(1325,'Project 1',4,40,97),(1326,'Research Paper',86,5,101),(1327,'Lab Report',29,139,101),(1328,'Quiz 1',37,68,101),(1329,'Midterm Exam',4,4,101),(1330,'Project 1',92,40,101),(1331,'Research Paper',87,5,103),(1332,'Lab Report',59,139,103),(1333,'Quiz 1',35,68,103),(1334,'Midterm Exam',41,4,103),(1335,'Project 1',45,40,103),(1336,'Research Paper',64,5,111),(1337,'Lab Report',86,139,111),(1338,'Quiz 1',78,68,111),(1339,'Midterm Exam',40,4,111),(1340,'Project 1',37,40,111),(1341,'Research Paper',92,5,144),(1342,'Lab Report',87,139,144),(1343,'Quiz 1',35,68,144),(1344,'Midterm Exam',4,4,144),(1345,'Project 1',81,40,144),(1346,'Research Paper',39,5,145),(1347,'Lab Report',67,139,145),(1348,'Quiz 1',8,68,145),(1349,'Midterm Exam',21,4,145),(1350,'Project 1',60,40,145),(1351,'Research Paper',48,5,156),(1352,'Lab Report',66,139,156),(1353,'Quiz 1',15,68,156),(1354,'Midterm Exam',51,4,156),(1355,'Project 1',84,40,156),(1356,'Research Paper',78,5,161),(1357,'Lab Report',5,139,161),(1358,'Quiz 1',80,68,161),(1359,'Midterm Exam',36,4,161),(1360,'Project 1',67,40,161),(1361,'Research Paper',54,5,172),(1362,'Lab Report',59,139,172),(1363,'Quiz 1',54,68,172),(1364,'Midterm Exam',65,4,172),(1365,'Project 1',26,40,172),(1366,'Research Paper',50,5,175),(1367,'Lab Report',36,139,175),(1368,'Quiz 1',87,68,175),(1369,'Midterm Exam',17,4,175),(1370,'Project 1',48,40,175),(1371,'Research Paper',28,5,179),(1372,'Lab Report',41,139,179),(1373,'Quiz 1',92,68,179),(1374,'Midterm Exam',56,4,179),(1375,'Project 1',80,40,179),(1376,'Research Paper',81,5,207),(1377,'Lab Report',45,139,207),(1378,'Quiz 1',19,68,207),(1379,'Midterm Exam',9,4,207),(1380,'Project 1',40,40,207),(1381,'Research Paper',69,5,229),(1382,'Lab Report',19,139,229),(1383,'Quiz 1',7,68,229),(1384,'Midterm Exam',41,4,229),(1385,'Project 1',9,40,229),(1386,'Research Paper',69,5,280),(1387,'Lab Report',86,139,280),(1388,'Quiz 1',93,68,280),(1389,'Midterm Exam',63,4,280),(1390,'Project 1',50,40,280),(1391,'Research Paper',71,5,293),(1392,'Lab Report',66,139,293),(1393,'Quiz 1',74,68,293),(1394,'Midterm Exam',36,4,293),(1395,'Project 1',85,40,293),(1396,'Research Paper',76,5,306),(1397,'Lab Report',70,139,306),(1398,'Quiz 1',18,68,306),(1399,'Midterm Exam',23,4,306),(1400,'Project 1',2,40,306),(1401,'Midterm Exam',35,4,7),(1402,'Case Study',12,2,7),(1403,'Homework 1',40,48,7),(1404,'Lab Report',32,139,7),(1405,'Final Exam',14,39,7),(1406,'Midterm Exam',18,4,35),(1407,'Case Study',51,2,35),(1408,'Homework 1',68,48,35),(1409,'Lab Report',53,139,35),(1410,'Final Exam',50,39,35),(1411,'Midterm Exam',70,4,73),(1412,'Case Study',68,2,73),(1413,'Homework 1',31,48,73),(1414,'Lab Report',41,139,73),(1415,'Final Exam',2,39,73),(1416,'Midterm Exam',13,4,101),(1417,'Case Study',34,2,101),(1418,'Homework 1',92,48,101),(1419,'Lab Report',84,139,101),(1420,'Final Exam',90,39,101),(1421,'Midterm Exam',25,4,111),(1422,'Case Study',45,2,111),(1423,'Homework 1',55,48,111),(1424,'Lab Report',27,139,111),(1425,'Final Exam',26,39,111),(1426,'Midterm Exam',19,4,113),(1427,'Case Study',100,2,113),(1428,'Homework 1',61,48,113),(1429,'Lab Report',81,139,113),(1430,'Final Exam',33,39,113),(1431,'Midterm Exam',35,4,130),(1432,'Case Study',60,2,130),(1433,'Homework 1',18,48,130),(1434,'Lab Report',69,139,130),(1435,'Final Exam',22,39,130),(1436,'Midterm Exam',39,4,143),(1437,'Case Study',18,2,143),(1438,'Homework 1',13,48,143),(1439,'Lab Report',89,139,143),(1440,'Final Exam',80,39,143),(1441,'Midterm Exam',97,4,187),(1442,'Case Study',80,2,187),(1443,'Homework 1',30,48,187),(1444,'Lab Report',52,139,187),(1445,'Final Exam',56,39,187),(1446,'Midterm Exam',45,4,193),(1447,'Case Study',59,2,193),(1448,'Homework 1',8,48,193),(1449,'Lab Report',65,139,193),(1450,'Final Exam',10,39,193),(1451,'Midterm Exam',54,4,248),(1452,'Case Study',11,2,248),(1453,'Homework 1',58,48,248),(1454,'Lab Report',78,139,248),(1455,'Final Exam',49,39,248),(1456,'Midterm Exam',21,4,282),(1457,'Case Study',4,2,282),(1458,'Homework 1',68,48,282),(1459,'Lab Report',50,139,282),(1460,'Final Exam',56,39,282),(1461,'Homework 1',46,48,7),(1462,'Project 1',22,40,7),(1463,'Presentation',58,3,7),(1464,'Quiz 1',87,68,7),(1465,'Research Paper',27,5,7),(1466,'Final Exam',38,39,7),(1467,'Homework 1',27,48,10),(1468,'Project 1',29,40,10),(1469,'Presentation',24,3,10),(1470,'Quiz 1',32,68,10),(1471,'Research Paper',94,5,10),(1472,'Final Exam',79,39,10),(1473,'Homework 1',23,48,25),(1474,'Project 1',62,40,25),(1475,'Presentation',6,3,25),(1476,'Quiz 1',5,68,25),(1477,'Research Paper',90,5,25),(1478,'Final Exam',58,39,25),(1479,'Homework 1',20,48,41),(1480,'Project 1',89,40,41),(1481,'Presentation',94,3,41),(1482,'Quiz 1',56,68,41),(1483,'Research Paper',98,5,41),(1484,'Final Exam',55,39,41),(1485,'Homework 1',18,48,47),(1486,'Project 1',88,40,47),(1487,'Presentation',14,3,47),(1488,'Quiz 1',31,68,47),(1489,'Research Paper',15,5,47),(1490,'Final Exam',74,39,47),(1491,'Homework 1',29,48,66),(1492,'Project 1',36,40,66),(1493,'Presentation',45,3,66),(1494,'Quiz 1',36,68,66),(1495,'Research Paper',87,5,66),(1496,'Final Exam',96,39,66),(1497,'Homework 1',78,48,92),(1498,'Project 1',82,40,92),(1499,'Presentation',64,3,92),(1500,'Quiz 1',99,68,92),(1501,'Research Paper',20,5,92),(1502,'Final Exam',29,39,92),(1503,'Homework 1',79,48,107),(1504,'Project 1',34,40,107),(1505,'Presentation',2,3,107),(1506,'Quiz 1',100,68,107),(1507,'Research Paper',26,5,107),(1508,'Final Exam',52,39,107),(1509,'Homework 1',59,48,119),(1510,'Project 1',69,40,119),(1511,'Presentation',16,3,119),(1512,'Quiz 1',40,68,119),(1513,'Research Paper',6,5,119),(1514,'Final Exam',85,39,119),(1515,'Homework 1',41,48,151),(1516,'Project 1',87,40,151),(1517,'Presentation',69,3,151),(1518,'Quiz 1',68,68,151),(1519,'Research Paper',57,5,151),(1520,'Final Exam',86,39,151),(1521,'Homework 1',5,48,165),(1522,'Project 1',69,40,165),(1523,'Presentation',18,3,165),(1524,'Quiz 1',18,68,165),(1525,'Research Paper',28,5,165),(1526,'Final Exam',96,39,165),(1527,'Homework 1',54,48,192),(1528,'Project 1',87,40,192),(1529,'Presentation',78,3,192),(1530,'Quiz 1',99,68,192),(1531,'Research Paper',7,5,192),(1532,'Final Exam',96,39,192),(1533,'Homework 1',54,48,221),(1534,'Project 1',41,40,221),(1535,'Presentation',25,3,221),(1536,'Quiz 1',26,68,221),(1537,'Research Paper',71,5,221),(1538,'Final Exam',99,39,221),(1539,'Homework 1',62,48,265),(1540,'Project 1',1,40,265),(1541,'Presentation',75,3,265),(1542,'Quiz 1',73,68,265),(1543,'Research Paper',86,5,265),(1544,'Final Exam',93,39,265),(1545,'Discussion Board',89,1,7),(1546,'Lab Report',55,139,7),(1547,'Project 1',58,40,7),(1548,'Homework 1',67,48,7),(1549,'Research Paper',81,5,7),(1550,'Discussion Board',39,1,22),(1551,'Lab Report',42,139,22),(1552,'Project 1',17,40,22),(1553,'Homework 1',8,48,22),(1555,'Discussion Board',6,1,30),(1556,'Lab Report',57,139,30),(1557,'Project 1',97,40,30),(1558,'Homework 1',73,48,30),(1559,'Research Paper',70,5,30),(1560,'Discussion Board',41,1,52),(1561,'Lab Report',36,139,52),(1562,'Project 1',74,40,52),(1563,'Homework 1',34,48,52),(1564,'Research Paper',73,5,52),(1565,'Discussion Board',77,1,86),(1566,'Lab Report',28,139,86),(1567,'Project 1',70,40,86),(1568,'Homework 1',19,48,86),(1569,'Research Paper',32,5,86),(1570,'Discussion Board',53,1,98),(1571,'Lab Report',73,139,98),(1572,'Project 1',80,40,98),(1573,'Homework 1',47,48,98),(1574,'Research Paper',54,5,98),(1575,'Discussion Board',71,1,99),(1576,'Lab Report',67,139,99),(1577,'Project 1',67,40,99),(1578,'Homework 1',96,48,99),(1579,'Research Paper',54,5,99),(1580,'Discussion Board',95,1,131),(1581,'Lab Report',45,139,131),(1582,'Project 1',31,40,131),(1583,'Homework 1',80,48,131),(1584,'Research Paper',14,5,131),(1585,'Discussion Board',50,1,224),(1586,'Lab Report',92,139,224),(1587,'Project 1',80,40,224),(1588,'Homework 1',97,48,224),(1589,'Research Paper',19,5,224),(1590,'Discussion Board',74,1,229),(1591,'Lab Report',22,139,229),(1592,'Project 1',51,40,229),(1593,'Homework 1',38,48,229),(1594,'Research Paper',45,5,229),(1595,'Discussion Board',13,1,230),(1596,'Lab Report',36,139,230),(1597,'Project 1',15,40,230),(1598,'Homework 1',10,48,230),(1599,'Research Paper',58,5,230),(1600,'Discussion Board',87,1,233),(1601,'Lab Report',25,139,233),(1602,'Project 1',39,40,233),(1603,'Homework 1',54,48,233),(1604,'Research Paper',6,5,233),(1605,'Discussion Board',1,1,240),(1606,'Lab Report',30,139,240),(1607,'Project 1',26,40,240),(1608,'Homework 1',39,48,240),(1609,'Research Paper',6,5,240),(1610,'Discussion Board',18,1,252),(1611,'Lab Report',93,139,252),(1612,'Project 1',58,40,252),(1613,'Homework 1',59,48,252),(1614,'Research Paper',83,5,252),(1615,'Case Study',19,2,8),(1616,'Project 1',87,40,8),(1617,'Case Study',52,2,19),(1618,'Project 1',5,40,19),(1619,'Case Study',39,2,35),(1620,'Project 1',30,40,35),(1621,'Case Study',56,2,52),(1622,'Project 1',76,40,52),(1623,'Case Study',89,2,93),(1624,'Project 1',7,40,93),(1625,'Case Study',14,2,133),(1626,'Project 1',60,40,133),(1627,'Case Study',81,2,134),(1628,'Project 1',72,40,134),(1629,'Case Study',87,2,138),(1630,'Project 1',64,40,138),(1631,'Case Study',88,2,141),(1632,'Project 1',98,40,141),(1633,'Case Study',30,2,144),(1634,'Project 1',78,40,144),(1635,'Case Study',91,2,169),(1636,'Project 1',40,40,169),(1637,'Case Study',63,2,175),(1638,'Project 1',37,40,175),(1639,'Case Study',58,2,183),(1640,'Project 1',61,40,183),(1641,'Case Study',13,2,213),(1642,'Project 1',74,40,213),(1643,'Case Study',15,2,231),(1644,'Project 1',21,40,231),(1645,'Case Study',82,2,244),(1646,'Project 1',83,40,244),(1647,'Case Study',11,2,267),(1648,'Project 1',51,40,267),(1649,'Case Study',2,2,272),(1650,'Project 1',12,40,272),(1651,'Case Study',70,2,279),(1652,'Project 1',70,40,279),(1653,'Case Study',69,2,283),(1654,'Project 1',25,40,283),(1655,'Case Study',25,2,290),(1656,'Project 1',99,40,290),(1657,'Case Study',71,2,302),(1658,'Project 1',84,40,302),(1659,'Case Study',9,2,304),(1660,'Project 1',86,40,304),(1661,'Research Paper',39,5,8),(1662,'Lab Report',56,139,8),(1663,'Research Paper',59,5,13),(1664,'Lab Report',66,139,13),(1665,'Research Paper',14,5,60),(1666,'Lab Report',56,139,60),(1667,'Research Paper',32,5,86),(1668,'Lab Report',34,139,86),(1669,'Research Paper',96,5,91),(1670,'Lab Report',38,139,91),(1671,'Research Paper',31,5,98),(1673,'Research Paper',68,5,120),(1674,'Lab Report',44,139,120),(1675,'Research Paper',55,5,134),(1676,'Lab Report',55,139,134),(1677,'Research Paper',1,5,157),(1678,'Lab Report',1,139,157),(1679,'Research Paper',50,5,174),(1680,'Lab Report',52,139,174),(1681,'Research Paper',40,5,175),(1682,'Lab Report',66,139,175),(1683,'Research Paper',31,5,180),(1684,'Lab Report',55,139,180),(1685,'Research Paper',53,5,198),(1686,'Lab Report',68,139,198),(1687,'Research Paper',46,5,216),(1688,'Lab Report',3,139,216),(1689,'Research Paper',6,5,220),(1690,'Lab Report',59,139,220),(1691,'Research Paper',60,5,234),(1692,'Lab Report',46,139,234),(1693,'Research Paper',33,5,235),(1694,'Lab Report',44,139,235),(1695,'Research Paper',68,5,248),(1696,'Lab Report',5,139,248),(1697,'Research Paper',29,5,280),(1698,'Lab Report',87,139,280),(1699,'Research Paper',97,5,294),(1700,'Lab Report',49,139,294),(1701,'Research Paper',85,5,299),(1702,'Lab Report',60,139,299),(1703,'Research Paper',1,5,8),(1704,'Presentation',53,3,8),(1705,'Research Paper',67,5,13),(1706,'Presentation',3,3,13),(1707,'Research Paper',12,5,45),(1708,'Presentation',91,3,45),(1709,'Research Paper',80,5,48),(1710,'Presentation',71,3,48),(1711,'Research Paper',71,5,56),(1712,'Presentation',37,3,56),(1713,'Research Paper',77,5,96),(1714,'Presentation',78,3,96),(1715,'Research Paper',10,5,112),(1716,'Presentation',15,3,112),(1717,'Research Paper',20,5,130),(1718,'Presentation',51,3,130),(1719,'Research Paper',41,5,139),(1720,'Presentation',60,3,139),(1721,'Research Paper',51,5,147),(1722,'Presentation',61,3,147),(1723,'Research Paper',67,5,154),(1724,'Presentation',61,3,154),(1725,'Research Paper',75,5,175),(1726,'Presentation',78,3,175),(1727,'Research Paper',5,5,178),(1728,'Presentation',8,3,178),(1729,'Research Paper',87,5,206),(1730,'Presentation',17,3,206),(1731,'Research Paper',22,5,272),(1732,'Presentation',86,3,272),(1733,'Research Paper',42,5,284),(1734,'Presentation',99,3,284),(1735,'Research Paper',72,5,295),(1736,'Presentation',85,3,295),(1737,'Research Paper',31,5,299),(1738,'Presentation',37,3,299),(1739,'Research Paper',9,5,301),(1740,'Presentation',17,3,301),(1741,'Research Paper',4,5,305),(1742,'Presentation',35,3,305),(1743,'Quiz 1',57,68,9),(1744,'Project 1',19,40,9),(1745,'Midterm Exam',63,4,9),(1746,'Case Study',89,2,9),(1747,'Quiz 1',14,68,11),(1748,'Project 1',3,40,11),(1749,'Midterm Exam',37,4,11),(1750,'Case Study',20,2,11),(1751,'Quiz 1',31,68,27),(1752,'Project 1',20,40,27),(1753,'Midterm Exam',61,4,27),(1754,'Case Study',82,2,27),(1755,'Quiz 1',81,68,34),(1756,'Project 1',21,40,34),(1757,'Midterm Exam',78,4,34),(1758,'Case Study',67,2,34),(1759,'Quiz 1',62,68,55),(1760,'Project 1',63,40,55),(1761,'Midterm Exam',94,4,55),(1762,'Case Study',69,2,55),(1763,'Quiz 1',85,68,81),(1764,'Project 1',59,40,81),(1765,'Midterm Exam',65,4,81),(1766,'Case Study',26,2,81),(1767,'Quiz 1',64,68,103),(1768,'Project 1',61,40,103),(1769,'Midterm Exam',90,4,103),(1770,'Case Study',88,2,103),(1771,'Quiz 1',22,68,112),(1772,'Project 1',78,40,112),(1773,'Midterm Exam',44,4,112),(1774,'Case Study',55,2,112),(1775,'Quiz 1',62,68,131),(1776,'Project 1',52,40,131),(1777,'Midterm Exam',54,4,131),(1778,'Case Study',64,2,131),(1779,'Quiz 1',43,68,149),(1780,'Project 1',50,40,149),(1781,'Midterm Exam',2,4,149),(1782,'Case Study',31,2,149),(1783,'Quiz 1',12,68,155),(1784,'Project 1',98,40,155),(1785,'Midterm Exam',30,4,155),(1786,'Case Study',74,2,155),(1787,'Quiz 1',93,68,156),(1788,'Project 1',87,40,156),(1789,'Midterm Exam',38,4,156),(1790,'Case Study',89,2,156),(1791,'Quiz 1',92,68,161),(1792,'Project 1',30,40,161),(1793,'Midterm Exam',30,4,161),(1794,'Case Study',81,2,161),(1795,'Quiz 1',10,68,165),(1796,'Project 1',5,40,165),(1797,'Midterm Exam',56,4,165),(1798,'Case Study',67,2,165),(1799,'Quiz 1',51,68,173),(1800,'Project 1',11,40,173),(1801,'Midterm Exam',24,4,173),(1802,'Case Study',56,2,173),(1803,'Quiz 1',70,68,188),(1804,'Project 1',41,40,188),(1805,'Midterm Exam',77,4,188),(1806,'Case Study',46,2,188),(1807,'Quiz 1',26,68,190),(1808,'Project 1',62,40,190),(1809,'Midterm Exam',30,4,190),(1810,'Case Study',12,2,190),(1811,'Quiz 1',54,68,199),(1812,'Project 1',49,40,199),(1813,'Midterm Exam',97,4,199),(1814,'Case Study',57,2,199),(1815,'Quiz 1',17,68,205),(1816,'Project 1',51,40,205),(1817,'Midterm Exam',16,4,205),(1818,'Case Study',24,2,205),(1819,'Quiz 1',53,68,207),(1820,'Project 1',46,40,207),(1821,'Midterm Exam',25,4,207),(1822,'Case Study',67,2,207),(1823,'Quiz 1',90,68,217),(1824,'Project 1',96,40,217),(1825,'Midterm Exam',50,4,217),(1826,'Case Study',86,2,217),(1827,'Quiz 1',57,68,233),(1828,'Project 1',7,40,233),(1829,'Midterm Exam',3,4,233),(1830,'Case Study',19,2,233),(1831,'Quiz 1',14,68,237),(1832,'Project 1',69,40,237),(1833,'Midterm Exam',52,4,237),(1834,'Case Study',12,2,237),(1835,'Quiz 1',55,68,250),(1836,'Project 1',10,40,250),(1837,'Midterm Exam',81,4,250),(1838,'Case Study',38,2,250),(1839,'Quiz 1',49,68,252),(1840,'Project 1',59,40,252),(1841,'Midterm Exam',88,4,252),(1842,'Case Study',8,2,252),(1843,'Quiz 1',30,68,290),(1844,'Project 1',25,40,290),(1845,'Midterm Exam',59,4,290),(1846,'Case Study',34,2,290),(1847,'Case Study',72,2,9),(1848,'Final Exam',3,39,9),(1849,'Homework 1',92,48,9),(1850,'Lab Report',79,139,9),(1851,'Discussion Board',80,1,9),(1852,'Project 1',15,40,9),(1853,'Case Study',7,2,19),(1854,'Final Exam',10,39,19),(1855,'Homework 1',42,48,19),(1856,'Lab Report',50,139,19),(1857,'Discussion Board',57,1,19),(1858,'Project 1',38,40,19),(1859,'Case Study',3,2,31),(1860,'Final Exam',7,39,31),(1861,'Homework 1',28,48,31),(1862,'Lab Report',6,139,31),(1863,'Discussion Board',92,1,31),(1864,'Project 1',45,40,31),(1865,'Case Study',29,2,40),(1866,'Final Exam',96,39,40),(1867,'Homework 1',56,48,40),(1868,'Lab Report',29,139,40),(1869,'Discussion Board',57,1,40),(1870,'Project 1',45,40,40),(1871,'Case Study',78,2,55),(1872,'Final Exam',45,39,55),(1873,'Homework 1',95,48,55),(1874,'Lab Report',16,139,55),(1875,'Discussion Board',9,1,55),(1876,'Project 1',39,40,55),(1877,'Case Study',14,2,79),(1878,'Final Exam',11,39,79),(1879,'Homework 1',86,48,79),(1880,'Lab Report',100,139,79),(1881,'Discussion Board',12,1,79),(1882,'Project 1',46,40,79),(1883,'Case Study',58,2,81),(1884,'Final Exam',54,39,81),(1885,'Homework 1',81,48,81),(1886,'Lab Report',63,139,81),(1887,'Discussion Board',59,1,81),(1888,'Project 1',13,40,81),(1895,'Case Study',62,2,93),(1896,'Final Exam',18,39,93),(1897,'Homework 1',71,48,93),(1898,'Lab Report',18,139,93),(1899,'Discussion Board',99,1,93),(1900,'Project 1',95,40,93),(1901,'Case Study',13,2,96),(1902,'Final Exam',36,39,96),(1903,'Homework 1',20,48,96),(1904,'Lab Report',97,139,96),(1905,'Discussion Board',36,1,96),(1906,'Project 1',40,40,96),(1907,'Case Study',98,2,140),(1908,'Final Exam',89,39,140),(1909,'Homework 1',10,48,140),(1910,'Lab Report',64,139,140),(1911,'Discussion Board',93,1,140),(1912,'Project 1',84,40,140),(1913,'Case Study',42,2,152),(1914,'Final Exam',84,39,152),(1915,'Homework 1',30,48,152),(1916,'Lab Report',8,139,152),(1917,'Discussion Board',82,1,152),(1918,'Project 1',64,40,152),(1919,'Case Study',14,2,173),(1920,'Final Exam',36,39,173),(1921,'Homework 1',87,48,173),(1922,'Lab Report',39,139,173),(1923,'Discussion Board',70,1,173),(1924,'Project 1',28,40,173),(1925,'Case Study',63,2,188),(1926,'Final Exam',58,39,188),(1927,'Homework 1',19,48,188),(1928,'Lab Report',10,139,188),(1929,'Discussion Board',49,1,188),(1930,'Project 1',56,40,188),(1932,'Final Exam',2,39,212),(1933,'Homework 1',64,48,212),(1934,'Lab Report',74,139,212),(1935,'Discussion Board',75,1,212),(1936,'Project 1',74,40,212),(1937,'Case Study',58,2,214),(1938,'Final Exam',68,39,214),(1939,'Homework 1',32,48,214),(1940,'Lab Report',30,139,214),(1941,'Discussion Board',15,1,214),(1942,'Project 1',8,40,214),(1943,'Case Study',85,2,279),(1944,'Final Exam',1,39,279),(1945,'Homework 1',63,48,279),(1946,'Lab Report',33,139,279),(1947,'Discussion Board',99,1,279),(1948,'Project 1',73,40,279),(1949,'Project 1',79,40,9),(1950,'Presentation',62,3,9),(1951,'Discussion Board',38,1,9),(1952,'Project 1',71,40,13),(1953,'Presentation',54,3,13),(1954,'Discussion Board',32,1,13),(1955,'Project 1',33,40,23),(1956,'Presentation',94,3,23),(1957,'Discussion Board',64,1,23),(1958,'Project 1',38,40,28),(1959,'Presentation',45,3,28),(1960,'Discussion Board',11,1,28),(1961,'Project 1',39,40,59),(1962,'Presentation',69,3,59),(1963,'Discussion Board',98,1,59),(1964,'Project 1',58,40,71),(1965,'Presentation',19,3,71),(1966,'Discussion Board',6,1,71),(1967,'Project 1',51,40,74),(1968,'Presentation',21,3,74),(1969,'Discussion Board',68,1,74),(1970,'Project 1',46,40,106),(1971,'Presentation',32,3,106),(1972,'Discussion Board',14,1,106),(1973,'Project 1',34,40,127),(1974,'Presentation',41,3,127),(1975,'Discussion Board',9,1,127),(1976,'Project 1',52,40,149),(1977,'Presentation',72,3,149),(1978,'Discussion Board',49,1,149),(1979,'Project 1',95,40,172),(1980,'Presentation',27,3,172),(1981,'Discussion Board',72,1,172),(1982,'Project 1',26,40,195),(1983,'Presentation',80,3,195),(1984,'Discussion Board',31,1,195),(1985,'Project 1',21,40,206),(1986,'Presentation',56,3,206),(1987,'Discussion Board',35,1,206),(1988,'Project 1',21,40,211),(1989,'Presentation',12,3,211),(1990,'Discussion Board',19,1,211),(1991,'Project 1',75,40,223),(1992,'Presentation',94,3,223),(1993,'Discussion Board',87,1,223),(1994,'Project 1',96,40,236),(1995,'Presentation',28,3,236),(1996,'Discussion Board',3,1,236),(1997,'Project 1',91,40,260),(1998,'Presentation',43,3,260),(1999,'Discussion Board',8,1,260),(2000,'Project 1',34,40,284),(2001,'Presentation',79,3,284),(2002,'Discussion Board',51,1,284),(2003,'Project 1',96,40,289),(2004,'Presentation',80,3,289),(2005,'Discussion Board',29,1,289),(2006,'Project 1',63,40,290),(2007,'Presentation',64,3,290),(2008,'Discussion Board',82,1,290),(2009,'Project 1',87,40,293),(2010,'Presentation',37,3,293),(2011,'Discussion Board',85,1,293),(2012,'Midterm Exam',61,4,9),(2013,'Quiz 1',30,68,9),(2014,'Final Exam',48,39,9),(2015,'Midterm Exam',64,4,24),(2016,'Quiz 1',65,68,24),(2017,'Final Exam',72,39,24),(2018,'Midterm Exam',18,4,30),(2019,'Quiz 1',66,68,30),(2020,'Final Exam',71,39,30),(2021,'Midterm Exam',36,4,31),(2022,'Quiz 1',12,68,31),(2023,'Final Exam',7,39,31),(2024,'Midterm Exam',40,4,61),(2025,'Quiz 1',24,68,61),(2026,'Final Exam',28,39,61),(2027,'Midterm Exam',7,4,64),(2028,'Quiz 1',88,68,64),(2030,'Midterm Exam',18,4,81),(2031,'Quiz 1',92,68,81),(2032,'Final Exam',91,39,81),(2033,'Midterm Exam',80,4,128),(2034,'Quiz 1',18,68,128),(2035,'Final Exam',70,39,128),(2036,'Midterm Exam',47,4,129),(2037,'Quiz 1',26,68,129),(2038,'Final Exam',62,39,129),(2039,'Midterm Exam',61,4,156),(2040,'Quiz 1',57,68,156),(2041,'Final Exam',91,39,156),(2042,'Midterm Exam',97,4,191),(2043,'Quiz 1',77,68,191),(2044,'Final Exam',50,39,191),(2045,'Midterm Exam',31,4,201),(2046,'Quiz 1',40,68,201),(2047,'Final Exam',59,39,201),(2048,'Midterm Exam',52,4,219),(2049,'Quiz 1',80,68,219),(2050,'Final Exam',1,39,219),(2051,'Midterm Exam',61,4,228),(2052,'Quiz 1',15,68,228),(2053,'Final Exam',90,39,228),(2054,'Midterm Exam',32,4,247),(2055,'Quiz 1',22,68,247),(2056,'Final Exam',86,39,247),(2057,'Midterm Exam',67,4,10),(2058,'Case Study',70,2,10),(2059,'Project 1',52,40,10),(2060,'Research Paper',93,5,10),(2061,'Presentation',56,3,10),(2062,'Quiz 1',22,68,10),(2063,'Midterm Exam',1,4,17),(2064,'Case Study',42,2,17),(2065,'Project 1',100,40,17),(2066,'Research Paper',69,5,17),(2067,'Presentation',50,3,17),(2068,'Quiz 1',39,68,17),(2069,'Midterm Exam',13,4,29),(2070,'Case Study',68,2,29),(2071,'Project 1',75,40,29),(2072,'Research Paper',13,5,29),(2073,'Presentation',40,3,29),(2074,'Quiz 1',77,68,29),(2075,'Midterm Exam',29,4,39),(2076,'Case Study',62,2,39),(2077,'Project 1',60,40,39),(2078,'Research Paper',61,5,39),(2079,'Presentation',55,3,39),(2080,'Quiz 1',75,68,39),(2081,'Midterm Exam',60,4,49),(2082,'Case Study',64,2,49),(2083,'Project 1',30,40,49),(2084,'Research Paper',85,5,49),(2085,'Presentation',39,3,49),(2086,'Quiz 1',43,68,49),(2087,'Midterm Exam',64,4,66),(2088,'Case Study',54,2,66),(2089,'Project 1',3,40,66),(2090,'Research Paper',72,5,66),(2091,'Presentation',5,3,66),(2092,'Quiz 1',24,68,66),(2093,'Midterm Exam',39,4,77),(2094,'Case Study',76,2,77),(2095,'Project 1',95,40,77),(2096,'Research Paper',44,5,77),(2097,'Presentation',21,3,77),(2098,'Quiz 1',79,68,77),(2099,'Midterm Exam',20,4,96),(2100,'Case Study',62,2,96),(2101,'Project 1',78,40,96),(2102,'Research Paper',69,5,96),(2103,'Presentation',2,3,96),(2104,'Quiz 1',62,68,96),(2105,'Midterm Exam',51,4,99),(2106,'Case Study',37,2,99),(2107,'Project 1',81,40,99),(2108,'Research Paper',45,5,99),(2109,'Presentation',38,3,99),(2110,'Quiz 1',35,68,99),(2111,'Midterm Exam',13,4,107),(2112,'Case Study',9,2,107),(2113,'Project 1',53,40,107),(2114,'Research Paper',75,5,107),(2115,'Presentation',52,3,107),(2116,'Quiz 1',16,68,107),(2117,'Midterm Exam',59,4,111),(2118,'Case Study',10,2,111),(2119,'Project 1',12,40,111),(2120,'Research Paper',24,5,111),(2121,'Presentation',54,3,111),(2122,'Quiz 1',83,68,111),(2123,'Midterm Exam',98,4,115),(2124,'Case Study',96,2,115),(2125,'Project 1',24,40,115),(2126,'Research Paper',52,5,115),(2127,'Presentation',34,3,115),(2128,'Quiz 1',44,68,115),(2129,'Midterm Exam',46,4,165),(2130,'Case Study',22,2,165),(2131,'Project 1',26,40,165),(2132,'Research Paper',39,5,165),(2133,'Presentation',41,3,165),(2134,'Quiz 1',14,68,165),(2135,'Midterm Exam',49,4,178),(2136,'Case Study',26,2,178),(2137,'Project 1',91,40,178),(2138,'Research Paper',13,5,178),(2139,'Presentation',83,3,178),(2140,'Quiz 1',45,68,178),(2141,'Midterm Exam',36,4,181),(2142,'Case Study',29,2,181),(2143,'Project 1',91,40,181),(2144,'Research Paper',24,5,181),(2145,'Presentation',81,3,181),(2146,'Quiz 1',22,68,181),(2147,'Midterm Exam',97,4,214),(2148,'Case Study',14,2,214),(2149,'Project 1',10,40,214),(2150,'Research Paper',12,5,214),(2151,'Presentation',59,3,214),(2152,'Quiz 1',39,68,214),(2153,'Midterm Exam',4,4,232),(2154,'Case Study',47,2,232),(2155,'Project 1',85,40,232),(2156,'Research Paper',81,5,232),(2157,'Presentation',10,3,232),(2158,'Quiz 1',1,68,232),(2159,'Midterm Exam',51,4,272),(2160,'Case Study',40,2,272),(2161,'Project 1',10,40,272),(2162,'Research Paper',25,5,272),(2163,'Presentation',95,3,272),(2164,'Quiz 1',38,68,272),(2165,'Case Study',79,2,10),(2166,'Quiz 1',46,68,10),(2167,'Case Study',100,2,23),(2168,'Quiz 1',81,68,23),(2169,'Case Study',10,2,38),(2170,'Quiz 1',7,68,38),(2171,'Case Study',90,2,40),(2172,'Quiz 1',31,68,40),(2173,'Case Study',61,2,62),(2174,'Quiz 1',3,68,62),(2175,'Case Study',71,2,67),(2176,'Quiz 1',37,68,67),(2177,'Case Study',8,2,73),(2178,'Quiz 1',11,68,73),(2179,'Case Study',13,2,123),(2180,'Quiz 1',80,68,123),(2181,'Case Study',73,2,129),(2182,'Quiz 1',57,68,129),(2183,'Case Study',89,2,136),(2184,'Quiz 1',75,68,136),(2185,'Case Study',75,2,142),(2186,'Quiz 1',11,68,142),(2187,'Case Study',86,2,143),(2188,'Quiz 1',64,68,143),(2189,'Case Study',100,2,158),(2190,'Quiz 1',54,68,158),(2191,'Case Study',32,2,162),(2192,'Quiz 1',3,68,162),(2193,'Case Study',50,2,167),(2194,'Quiz 1',30,68,167),(2195,'Case Study',59,2,222),(2196,'Quiz 1',9,68,222),(2197,'Case Study',60,2,241),(2198,'Quiz 1',84,68,241),(2199,'Case Study',64,2,253),(2200,'Quiz 1',70,68,253),(2201,'Case Study',87,2,260),(2202,'Quiz 1',41,68,260),(2203,'Case Study',70,2,262),(2204,'Quiz 1',13,68,262),(2205,'Case Study',86,2,263),(2206,'Quiz 1',95,68,263),(2207,'Case Study',53,2,273),(2208,'Quiz 1',99,68,273),(2209,'Case Study',77,2,282),(2210,'Quiz 1',28,68,282),(2211,'Discussion Board',91,1,11),(2212,'Presentation',97,3,11),(2213,'Homework 1',44,48,11),(2214,'Lab Report',98,139,11),(2215,'Case Study',21,2,11),(2216,'Discussion Board',5,1,39),(2217,'Presentation',100,3,39),(2218,'Homework 1',15,48,39),(2219,'Lab Report',41,139,39),(2220,'Case Study',34,2,39),(2221,'Discussion Board',25,1,50),(2222,'Presentation',49,3,50),(2223,'Homework 1',53,48,50),(2224,'Lab Report',37,139,50),(2225,'Case Study',8,2,50),(2226,'Discussion Board',55,1,58),(2227,'Presentation',59,3,58),(2228,'Homework 1',47,48,58),(2229,'Lab Report',23,139,58),(2230,'Case Study',82,2,58),(2231,'Discussion Board',80,1,73),(2232,'Presentation',8,3,73),(2233,'Homework 1',72,48,73),(2234,'Lab Report',89,139,73),(2235,'Case Study',69,2,73),(2236,'Discussion Board',21,1,78),(2237,'Presentation',24,3,78),(2238,'Homework 1',21,48,78),(2239,'Lab Report',26,139,78),(2240,'Case Study',73,2,78),(2241,'Discussion Board',54,1,82),(2242,'Presentation',70,3,82),(2243,'Homework 1',14,48,82),(2244,'Lab Report',30,139,82),(2245,'Case Study',87,2,82),(2247,'Presentation',51,3,97),(2248,'Homework 1',77,48,97),(2249,'Lab Report',34,139,97),(2250,'Case Study',77,2,97),(2251,'Discussion Board',87,1,112),(2252,'Presentation',25,3,112),(2253,'Homework 1',44,48,112),(2254,'Lab Report',91,139,112),(2255,'Case Study',2,2,112),(2256,'Discussion Board',61,1,146),(2257,'Presentation',54,3,146),(2258,'Homework 1',23,48,146),(2259,'Lab Report',78,139,146),(2260,'Case Study',82,2,146),(2261,'Discussion Board',7,1,149),(2262,'Presentation',21,3,149),(2263,'Homework 1',97,48,149),(2264,'Lab Report',97,139,149),(2265,'Case Study',74,2,149),(2266,'Discussion Board',33,1,180),(2267,'Presentation',87,3,180),(2268,'Homework 1',65,48,180),(2269,'Lab Report',2,139,180),(2270,'Case Study',42,2,180),(2271,'Discussion Board',64,1,207),(2272,'Presentation',38,3,207),(2273,'Homework 1',47,48,207),(2274,'Lab Report',11,139,207),(2275,'Case Study',73,2,207),(2276,'Discussion Board',52,1,211),(2277,'Presentation',1,3,211),(2278,'Homework 1',56,48,211),(2279,'Lab Report',2,139,211),(2280,'Case Study',60,2,211),(2281,'Discussion Board',91,1,247),(2282,'Presentation',31,3,247),(2283,'Homework 1',44,48,247),(2284,'Lab Report',10,139,247),(2285,'Case Study',99,2,247),(2286,'Discussion Board',24,1,253),(2287,'Presentation',53,3,253),(2288,'Homework 1',65,48,253),(2289,'Lab Report',81,139,253),(2290,'Case Study',47,2,253),(2291,'Discussion Board',75,1,257),(2292,'Presentation',32,3,257),(2293,'Homework 1',43,48,257),(2294,'Lab Report',4,139,257),(2295,'Case Study',44,2,257),(2296,'Discussion Board',55,1,258),(2297,'Presentation',84,3,258),(2298,'Homework 1',83,48,258),(2299,'Lab Report',85,139,258),(2300,'Case Study',72,2,258),(2301,'Discussion Board',69,1,282),(2302,'Presentation',33,3,282),(2303,'Homework 1',27,48,282),(2304,'Lab Report',52,139,282),(2305,'Case Study',38,2,282),(2306,'Discussion Board',71,1,285),(2307,'Presentation',21,3,285),(2308,'Homework 1',91,48,285),(2309,'Lab Report',82,139,285),(2310,'Case Study',1,2,285),(2311,'Discussion Board',73,1,300),(2312,'Presentation',15,3,300),(2313,'Homework 1',22,48,300),(2314,'Lab Report',93,139,300),(2315,'Case Study',85,2,300),(2316,'Discussion Board',24,1,11),(2317,'Midterm Exam',45,4,11),(2318,'Discussion Board',95,1,14),(2319,'Midterm Exam',44,4,14),(2320,'Discussion Board',54,1,36),(2321,'Midterm Exam',99,4,36),(2322,'Discussion Board',72,1,61),(2323,'Midterm Exam',57,4,61),(2324,'Discussion Board',59,1,72),(2325,'Midterm Exam',98,4,72),(2326,'Discussion Board',6,1,82),(2327,'Midterm Exam',96,4,82),(2328,'Discussion Board',87,1,96),(2329,'Midterm Exam',54,4,96),(2330,'Discussion Board',66,1,99),(2331,'Midterm Exam',53,4,99),(2332,'Discussion Board',8,1,109),(2333,'Midterm Exam',66,4,109),(2334,'Discussion Board',97,1,115),(2335,'Midterm Exam',80,4,115),(2336,'Discussion Board',71,1,127),(2337,'Midterm Exam',79,4,127),(2338,'Discussion Board',38,1,133),(2339,'Midterm Exam',12,4,133),(2340,'Discussion Board',33,1,137),(2341,'Midterm Exam',69,4,137),(2342,'Discussion Board',80,1,172),(2343,'Midterm Exam',2,4,172),(2344,'Discussion Board',22,1,184),(2345,'Midterm Exam',2,4,184),(2346,'Discussion Board',83,1,215),(2347,'Midterm Exam',89,4,215),(2348,'Discussion Board',24,1,219),(2349,'Midterm Exam',48,4,219),(2350,'Discussion Board',74,1,227),(2351,'Midterm Exam',44,4,227),(2352,'Discussion Board',1,1,232),(2353,'Midterm Exam',31,4,232),(2354,'Discussion Board',66,1,234),(2355,'Midterm Exam',20,4,234),(2356,'Discussion Board',59,1,242),(2357,'Midterm Exam',84,4,242),(2358,'Discussion Board',41,1,273),(2359,'Midterm Exam',56,4,273),(2360,'Discussion Board',64,1,305),(2361,'Midterm Exam',26,4,305),(2362,'Presentation',49,3,12),(2363,'Homework 1',38,48,12),(2364,'Presentation',72,3,32),(2365,'Homework 1',62,48,32),(2366,'Presentation',75,3,33),(2367,'Homework 1',48,48,33),(2368,'Presentation',42,3,65),(2369,'Homework 1',100,48,65),(2370,'Presentation',94,3,67),(2371,'Homework 1',67,48,67),(2372,'Presentation',14,3,71),(2373,'Homework 1',24,48,71),(2374,'Presentation',77,3,78),(2375,'Homework 1',53,48,78),(2376,'Presentation',65,3,80),(2377,'Homework 1',87,48,80),(2378,'Presentation',31,3,101),(2379,'Homework 1',46,48,101),(2380,'Presentation',86,3,104),(2381,'Homework 1',53,48,104),(2382,'Presentation',5,3,120),(2383,'Homework 1',1,48,120),(2384,'Presentation',41,3,136),(2385,'Homework 1',27,48,136),(2386,'Presentation',34,3,201),(2387,'Homework 1',90,48,201),(2388,'Presentation',23,3,208),(2389,'Homework 1',27,48,208),(2390,'Presentation',78,3,214),(2391,'Homework 1',80,48,214),(2392,'Presentation',26,3,233),(2393,'Homework 1',3,48,233),(2394,'Presentation',64,3,234),(2395,'Homework 1',6,48,234),(2396,'Presentation',48,3,253),(2397,'Homework 1',78,48,253),(2398,'Presentation',33,3,266),(2399,'Homework 1',59,48,266),(2400,'Presentation',67,3,288),(2401,'Homework 1',64,48,288),(2402,'Presentation',60,3,290),(2403,'Homework 1',14,48,290),(2404,'Research Paper',46,5,12),(2405,'Lab Report',93,139,12),(2406,'Research Paper',86,5,25),(2407,'Lab Report',25,139,25),(2408,'Research Paper',41,5,30),(2409,'Lab Report',49,139,30),(2410,'Research Paper',34,5,119),(2411,'Lab Report',56,139,119),(2412,'Research Paper',51,5,125),(2413,'Lab Report',50,139,125),(2414,'Research Paper',72,5,127),(2415,'Lab Report',61,139,127),(2416,'Research Paper',10,5,128),(2417,'Lab Report',4,139,128),(2418,'Research Paper',56,5,131),(2419,'Lab Report',43,139,131),(2420,'Research Paper',22,5,138),(2421,'Lab Report',87,139,138),(2422,'Research Paper',90,5,162),(2423,'Lab Report',55,139,162),(2424,'Research Paper',65,5,178),(2425,'Lab Report',39,139,178),(2426,'Research Paper',45,5,179),(2427,'Lab Report',58,139,179),(2428,'Research Paper',10,5,198),(2429,'Lab Report',41,139,198),(2430,'Research Paper',24,5,209),(2431,'Lab Report',35,139,209),(2432,'Research Paper',70,5,230),(2433,'Lab Report',90,139,230),(2434,'Research Paper',81,5,263),(2435,'Lab Report',24,139,263),(2436,'Research Paper',34,5,275),(2437,'Lab Report',43,139,275),(2438,'Research Paper',27,5,282),(2439,'Lab Report',91,139,282),(2440,'Research Paper',38,5,292),(2441,'Lab Report',39,139,292),(2442,'Research Paper',35,5,301),(2443,'Lab Report',81,139,301),(2444,'Research Paper',35,5,304),(2445,'Lab Report',19,139,304),(2446,'Homework 1',17,48,13),(2447,'Project 1',3,40,13),(2448,'Homework 1',18,48,19),(2449,'Project 1',46,40,19),(2450,'Homework 1',80,48,21),(2451,'Project 1',92,40,21),(2452,'Homework 1',91,48,40),(2453,'Project 1',63,40,40),(2454,'Homework 1',53,48,108),(2455,'Project 1',13,40,108),(2456,'Homework 1',88,48,124),(2457,'Project 1',57,40,124),(2458,'Homework 1',46,48,132),(2459,'Project 1',39,40,132),(2460,'Homework 1',60,48,153),(2461,'Project 1',19,40,153),(2462,'Homework 1',76,48,162),(2463,'Project 1',68,40,162),(2464,'Homework 1',76,48,163),(2465,'Project 1',36,40,163),(2466,'Homework 1',52,48,176),(2467,'Project 1',41,40,176),(2468,'Homework 1',75,48,180),(2469,'Project 1',5,40,180),(2470,'Homework 1',62,48,181),(2471,'Project 1',52,40,181),(2472,'Homework 1',59,48,183),(2473,'Project 1',35,40,183),(2474,'Homework 1',85,48,186),(2475,'Project 1',29,40,186),(2476,'Homework 1',63,48,188),(2477,'Project 1',56,40,188),(2478,'Homework 1',99,48,195),(2479,'Project 1',53,40,195),(2480,'Homework 1',7,48,228),(2481,'Project 1',2,40,228),(2482,'Homework 1',21,48,247),(2483,'Project 1',1,40,247),(2485,'Project 1',17,40,272),(2486,'Homework 1',44,48,293),(2487,'Project 1',32,40,293),(2488,'Midterm Exam',11,4,13),(2489,'Final Exam',11,39,13),(2490,'Presentation',95,3,13),(2491,'Lab Report',85,139,13),(2492,'Homework 1',46,48,13),(2493,'Quiz 1',13,68,13),(2494,'Midterm Exam',96,4,16),(2495,'Final Exam',73,39,16),(2496,'Presentation',85,3,16),(2497,'Lab Report',35,139,16),(2498,'Homework 1',4,48,16),(2499,'Quiz 1',86,68,16),(2500,'Midterm Exam',23,4,37),(2501,'Final Exam',77,39,37),(2502,'Presentation',38,3,37),(2503,'Lab Report',13,139,37),(2504,'Homework 1',62,48,37),(2505,'Quiz 1',23,68,37),(2506,'Midterm Exam',94,4,85),(2507,'Final Exam',72,39,85),(2508,'Presentation',99,3,85),(2509,'Lab Report',86,139,85),(2510,'Homework 1',34,48,85),(2511,'Quiz 1',97,68,85),(2512,'Midterm Exam',83,4,97),(2513,'Final Exam',77,39,97),(2514,'Presentation',61,3,97),(2515,'Lab Report',57,139,97),(2516,'Homework 1',77,48,97),(2517,'Quiz 1',97,68,97),(2518,'Midterm Exam',44,4,106),(2519,'Final Exam',65,39,106),(2520,'Presentation',70,3,106),(2521,'Lab Report',67,139,106),(2522,'Homework 1',35,48,106),(2523,'Quiz 1',97,68,106),(2524,'Midterm Exam',26,4,164),(2525,'Final Exam',98,39,164),(2526,'Presentation',84,3,164),(2527,'Lab Report',43,139,164),(2528,'Homework 1',46,48,164),(2529,'Quiz 1',26,68,164),(2530,'Midterm Exam',45,4,170),(2531,'Final Exam',40,39,170),(2532,'Presentation',35,3,170),(2533,'Lab Report',79,139,170),(2534,'Homework 1',59,48,170),(2535,'Quiz 1',75,68,170),(2536,'Midterm Exam',7,4,182),(2537,'Final Exam',45,39,182),(2538,'Presentation',1,3,182),(2539,'Lab Report',58,139,182),(2540,'Homework 1',96,48,182),(2541,'Quiz 1',57,68,182),(2542,'Midterm Exam',36,4,192),(2543,'Final Exam',42,39,192),(2544,'Presentation',45,3,192),(2545,'Lab Report',13,139,192),(2546,'Homework 1',75,48,192),(2547,'Quiz 1',13,68,192),(2548,'Midterm Exam',88,4,203),(2549,'Final Exam',83,39,203),(2550,'Presentation',60,3,203),(2551,'Lab Report',43,139,203),(2552,'Homework 1',2,48,203),(2553,'Quiz 1',82,68,203),(2554,'Midterm Exam',43,4,211),(2555,'Final Exam',75,39,211),(2556,'Presentation',8,3,211),(2557,'Lab Report',36,139,211),(2558,'Homework 1',72,48,211),(2559,'Quiz 1',72,68,211),(2560,'Midterm Exam',83,4,234),(2561,'Final Exam',20,39,234),(2562,'Presentation',60,3,234),(2563,'Lab Report',89,139,234),(2564,'Homework 1',78,48,234),(2565,'Quiz 1',65,68,234),(2566,'Midterm Exam',57,4,242),(2567,'Final Exam',45,39,242),(2568,'Presentation',77,3,242),(2569,'Lab Report',89,139,242),(2570,'Homework 1',90,48,242),(2571,'Quiz 1',74,68,242),(2572,'Midterm Exam',14,4,243),(2573,'Final Exam',69,39,243),(2574,'Presentation',66,3,243),(2575,'Lab Report',62,139,243),(2576,'Homework 1',31,48,243),(2577,'Quiz 1',60,68,243),(2578,'Midterm Exam',4,4,251),(2579,'Final Exam',62,39,251),(2580,'Presentation',70,3,251),(2581,'Lab Report',51,139,251),(2582,'Homework 1',7,48,251),(2583,'Quiz 1',17,68,251),(2584,'Midterm Exam',79,4,269),(2585,'Final Exam',68,39,269),(2586,'Presentation',72,3,269),(2587,'Lab Report',37,139,269),(2588,'Homework 1',80,48,269),(2589,'Quiz 1',51,68,269),(2590,'Lab Report',16,139,15),(2591,'Research Paper',94,5,15),(2592,'Lab Report',21,139,20),(2593,'Research Paper',72,5,20),(2594,'Lab Report',47,139,31),(2595,'Research Paper',78,5,31),(2596,'Lab Report',94,139,48),(2597,'Research Paper',60,5,48),(2598,'Lab Report',28,139,53),(2599,'Research Paper',56,5,53),(2600,'Lab Report',86,139,54),(2601,'Research Paper',16,5,54),(2602,'Lab Report',29,139,76),(2603,'Research Paper',91,5,76),(2604,'Lab Report',30,139,89),(2605,'Research Paper',79,5,89),(2606,'Lab Report',5,139,171),(2607,'Research Paper',55,5,171),(2608,'Lab Report',36,139,173),(2609,'Research Paper',96,5,173),(2610,'Lab Report',5,139,186),(2611,'Research Paper',74,5,186),(2612,'Lab Report',51,139,194),(2613,'Research Paper',23,5,194),(2614,'Lab Report',78,139,239),(2615,'Research Paper',90,5,239),(2616,'Lab Report',16,139,244),(2617,'Research Paper',3,5,244),(2618,'Lab Report',55,139,246),(2619,'Research Paper',88,5,246),(2620,'Lab Report',57,139,268),(2621,'Research Paper',30,5,268),(2622,'Lab Report',73,139,290),(2623,'Research Paper',24,5,290),(2624,'Lab Report',68,139,16),(2625,'Quiz 1',36,68,16),(2626,'Final Exam',52,39,16),(2627,'Discussion Board',96,1,16),(2628,'Homework 1',88,48,16),(2629,'Research Paper',68,5,16),(2630,'Lab Report',82,139,79),(2631,'Quiz 1',46,68,79),(2632,'Final Exam',52,39,79),(2633,'Discussion Board',77,1,79),(2634,'Homework 1',75,48,79),(2635,'Research Paper',83,5,79),(2636,'Lab Report',89,139,106),(2637,'Quiz 1',34,68,106),(2638,'Final Exam',5,39,106),(2639,'Discussion Board',78,1,106),(2640,'Homework 1',85,48,106),(2641,'Research Paper',31,5,106),(2642,'Lab Report',79,139,126),(2643,'Quiz 1',69,68,126),(2644,'Final Exam',12,39,126),(2645,'Discussion Board',72,1,126),(2646,'Homework 1',16,48,126),(2647,'Research Paper',17,5,126),(2648,'Lab Report',52,139,133),(2649,'Quiz 1',65,68,133),(2650,'Final Exam',66,39,133),(2651,'Discussion Board',26,1,133),(2652,'Homework 1',60,48,133),(2653,'Research Paper',73,5,133),(2654,'Lab Report',5,139,134),(2655,'Quiz 1',91,68,134),(2656,'Final Exam',54,39,134),(2657,'Discussion Board',41,1,134),(2658,'Homework 1',89,48,134),(2659,'Research Paper',70,5,134),(2660,'Lab Report',79,139,139),(2661,'Quiz 1',25,68,139),(2662,'Final Exam',66,39,139),(2663,'Discussion Board',13,1,139),(2664,'Homework 1',84,48,139),(2665,'Research Paper',96,5,139),(2666,'Lab Report',3,139,159),(2667,'Quiz 1',6,68,159),(2668,'Final Exam',64,39,159),(2669,'Discussion Board',71,1,159),(2670,'Homework 1',69,48,159),(2671,'Research Paper',67,5,159),(2672,'Lab Report',61,139,168),(2673,'Quiz 1',42,68,168),(2674,'Final Exam',81,39,168),(2675,'Discussion Board',5,1,168),(2676,'Homework 1',60,48,168),(2677,'Research Paper',28,5,168),(2678,'Lab Report',34,139,177),(2680,'Final Exam',52,39,177),(2681,'Discussion Board',72,1,177),(2682,'Homework 1',40,48,177),(2683,'Research Paper',77,5,177),(2684,'Lab Report',46,139,216),(2685,'Quiz 1',4,68,216),(2686,'Final Exam',82,39,216),(2687,'Discussion Board',39,1,216),(2688,'Homework 1',21,48,216),(2689,'Research Paper',65,5,216),(2690,'Lab Report',73,139,217),(2691,'Quiz 1',17,68,217),(2692,'Final Exam',16,39,217),(2693,'Discussion Board',65,1,217),(2694,'Homework 1',48,48,217),(2695,'Research Paper',99,5,217),(2696,'Lab Report',15,139,238),(2697,'Quiz 1',85,68,238),(2698,'Final Exam',82,39,238),(2699,'Discussion Board',92,1,238),(2700,'Homework 1',65,48,238),(2701,'Research Paper',45,5,238),(2702,'Lab Report',46,139,240),(2703,'Quiz 1',25,68,240),(2704,'Final Exam',33,39,240),(2705,'Discussion Board',14,1,240),(2706,'Homework 1',32,48,240),(2707,'Research Paper',17,5,240),(2708,'Lab Report',80,139,257),(2709,'Quiz 1',26,68,257),(2711,'Discussion Board',30,1,257),(2712,'Homework 1',8,48,257),(2713,'Research Paper',19,5,257),(2714,'Lab Report',3,139,280),(2715,'Quiz 1',55,68,280),(2716,'Final Exam',46,39,280),(2717,'Discussion Board',41,1,280),(2718,'Homework 1',83,48,280),(2719,'Research Paper',13,5,280),(2720,'Lab Report',37,139,16),(2721,'Presentation',97,3,16),(2722,'Lab Report',26,139,27),(2723,'Presentation',44,3,27),(2724,'Lab Report',93,139,29),(2725,'Presentation',38,3,29),(2726,'Lab Report',49,139,30),(2727,'Presentation',31,3,30),(2728,'Lab Report',28,139,51),(2729,'Presentation',7,3,51),(2730,'Lab Report',39,139,59),(2731,'Presentation',29,3,59),(2732,'Lab Report',36,139,74),(2733,'Presentation',31,3,74),(2734,'Lab Report',48,139,76),(2735,'Presentation',55,3,76),(2736,'Lab Report',73,139,85),(2737,'Presentation',52,3,85),(2738,'Lab Report',31,139,87),(2739,'Presentation',16,3,87),(2740,'Lab Report',40,139,91),(2741,'Presentation',29,3,91),(2742,'Lab Report',26,139,144),(2743,'Presentation',69,3,144),(2744,'Lab Report',34,139,181),(2745,'Presentation',73,3,181),(2746,'Lab Report',16,139,196),(2747,'Presentation',35,3,196),(2748,'Lab Report',81,139,200),(2749,'Presentation',66,3,200),(2750,'Lab Report',67,139,204),(2751,'Presentation',89,3,204),(2752,'Lab Report',87,139,206),(2753,'Presentation',18,3,206),(2754,'Lab Report',17,139,223),(2755,'Presentation',77,3,223),(2756,'Lab Report',31,139,238),(2757,'Presentation',3,3,238),(2758,'Lab Report',20,139,276),(2759,'Presentation',46,3,276),(2760,'Lab Report',26,139,306),(2761,'Presentation',85,3,306),(2762,'Quiz 1',36,68,21),(2763,'Case Study',9,2,21),(2764,'Quiz 1',76,68,43),(2765,'Case Study',88,2,43),(2766,'Quiz 1',3,68,46),(2767,'Case Study',1,2,46),(2768,'Quiz 1',24,68,47),(2769,'Case Study',58,2,47),(2770,'Quiz 1',64,68,64),(2771,'Case Study',26,2,64),(2772,'Quiz 1',24,68,101),(2773,'Case Study',62,2,101),(2774,'Quiz 1',37,68,116),(2775,'Case Study',64,2,116),(2776,'Quiz 1',76,68,149),(2777,'Case Study',17,2,149),(2778,'Quiz 1',87,68,167),(2779,'Case Study',37,2,167),(2780,'Quiz 1',69,68,185),(2781,'Case Study',47,2,185),(2782,'Quiz 1',33,68,210),(2783,'Case Study',46,2,210),(2784,'Quiz 1',58,68,211),(2785,'Case Study',52,2,211),(2786,'Quiz 1',10,68,225),(2787,'Case Study',70,2,225),(2788,'Quiz 1',51,68,254),(2789,'Case Study',16,2,254),(2790,'Quiz 1',80,68,258),(2791,'Case Study',18,2,258),(2792,'Quiz 1',71,68,262),(2793,'Case Study',79,2,262),(2794,'Quiz 1',80,68,280),(2795,'Case Study',33,2,280),(2796,'Quiz 1',76,68,297),(2797,'Case Study',77,2,297),(2798,'Discussion Board',53,1,22),(2799,'Homework 1',2,48,22),(2800,'Discussion Board',47,1,53),(2801,'Homework 1',89,48,53),(2802,'Discussion Board',31,1,104),(2803,'Homework 1',41,48,104),(2804,'Discussion Board',26,1,105),(2805,'Homework 1',1,48,105),(2806,'Discussion Board',40,1,126),(2807,'Homework 1',77,48,126),(2808,'Discussion Board',60,1,142),(2809,'Homework 1',52,48,142),(2810,'Discussion Board',8,1,145),(2811,'Homework 1',95,48,145),(2812,'Discussion Board',44,1,152),(2813,'Homework 1',24,48,152),(2814,'Discussion Board',72,1,183),(2815,'Homework 1',91,48,183),(2816,'Discussion Board',18,1,185),(2817,'Homework 1',44,48,185),(2818,'Discussion Board',18,1,237),(2819,'Homework 1',26,48,237),(2820,'Discussion Board',52,1,251),(2821,'Homework 1',61,48,251),(2822,'Discussion Board',42,1,257),(2823,'Homework 1',58,48,257),(2824,'Discussion Board',2,1,270),(2825,'Homework 1',82,48,270),(2826,'Discussion Board',91,1,274),(2827,'Homework 1',37,48,274),(2828,'Discussion Board',75,1,277),(2829,'Homework 1',94,48,277),(2830,'Discussion Board',8,1,298),(2831,'Homework 1',34,48,298),(2832,'Discussion Board',87,1,23),(2833,'Case Study',91,2,23),(2834,'Quiz 1',90,68,23),(2835,'Discussion Board',33,1,48),(2836,'Case Study',53,2,48),(2837,'Quiz 1',52,68,48),(2838,'Discussion Board',56,1,54),(2839,'Case Study',79,2,54),(2840,'Quiz 1',93,68,54),(2841,'Discussion Board',94,1,69),(2842,'Case Study',45,2,69),(2844,'Discussion Board',70,1,94),(2845,'Case Study',95,2,94),(2846,'Quiz 1',44,68,94),(2847,'Discussion Board',72,1,118),(2848,'Case Study',12,2,118),(2849,'Quiz 1',16,68,118),(2850,'Discussion Board',51,1,119),(2851,'Case Study',80,2,119),(2852,'Quiz 1',8,68,119),(2853,'Discussion Board',33,1,135),(2854,'Case Study',98,2,135),(2855,'Quiz 1',93,68,135),(2856,'Discussion Board',74,1,136),(2857,'Case Study',66,2,136),(2858,'Quiz 1',91,68,136),(2859,'Discussion Board',69,1,197),(2860,'Case Study',67,2,197),(2861,'Quiz 1',41,68,197),(2862,'Discussion Board',3,1,263),(2863,'Case Study',58,2,263),(2864,'Quiz 1',84,68,263),(2865,'Discussion Board',66,1,270),(2866,'Case Study',3,2,270),(2867,'Quiz 1',53,68,270),(2868,'Discussion Board',60,1,276),(2869,'Case Study',5,2,276),(2870,'Quiz 1',2,68,276),(2871,'Discussion Board',33,1,287),(2872,'Case Study',37,2,287),(2873,'Quiz 1',13,68,287),(2874,'Final Exam',76,39,24),(2875,'Case Study',53,2,24),(2876,'Midterm Exam',42,4,24),(2877,'Final Exam',17,39,37),(2878,'Case Study',55,2,37),(2879,'Midterm Exam',79,4,37),(2880,'Final Exam',38,39,41),(2881,'Case Study',79,2,41),(2882,'Midterm Exam',30,4,41),(2883,'Final Exam',35,39,53),(2884,'Case Study',50,2,53),(2885,'Midterm Exam',18,4,53),(2886,'Final Exam',43,39,75),(2887,'Case Study',12,2,75),(2888,'Midterm Exam',41,4,75),(2889,'Final Exam',53,39,93),(2890,'Case Study',7,2,93),(2891,'Midterm Exam',18,4,93),(2892,'Final Exam',60,39,130),(2893,'Case Study',71,2,130),(2894,'Midterm Exam',30,4,130),(2895,'Final Exam',90,39,132),(2896,'Case Study',48,2,132),(2897,'Midterm Exam',30,4,132),(2898,'Final Exam',48,39,148),(2899,'Case Study',98,2,148),(2900,'Midterm Exam',91,4,148),(2901,'Final Exam',97,39,154),(2902,'Case Study',17,2,154),(2903,'Midterm Exam',96,4,154),(2904,'Final Exam',74,39,158),(2905,'Case Study',25,2,158),(2906,'Midterm Exam',91,4,158),(2907,'Final Exam',72,39,221),(2908,'Case Study',94,2,221),(2909,'Midterm Exam',83,4,221),(2910,'Final Exam',76,39,224),(2911,'Case Study',14,2,224),(2912,'Midterm Exam',87,4,224),(2913,'Final Exam',13,39,229),(2914,'Case Study',65,2,229),(2915,'Midterm Exam',100,4,229),(2916,'Final Exam',66,39,239),(2917,'Case Study',5,2,239),(2918,'Midterm Exam',54,4,239),(2919,'Final Exam',93,39,243),(2920,'Case Study',37,2,243),(2921,'Midterm Exam',23,4,243),(2922,'Final Exam',50,39,249),(2923,'Case Study',36,2,249),(2924,'Midterm Exam',84,4,249),(2925,'Final Exam',90,39,286),(2926,'Case Study',36,2,286),(2927,'Midterm Exam',44,4,286),(2928,'Final Exam',5,39,291),(2929,'Case Study',56,2,291),(2930,'Midterm Exam',94,4,291),(2931,'Lab Report',27,139,25),(2932,'Presentation',67,3,25),(2933,'Lab Report',14,139,40),(2934,'Presentation',69,3,40),(2935,'Lab Report',72,139,46),(2936,'Presentation',68,3,46),(2937,'Lab Report',76,139,78),(2938,'Presentation',64,3,78),(2939,'Lab Report',81,139,85),(2940,'Presentation',22,3,85),(2941,'Lab Report',54,139,135),(2942,'Presentation',37,3,135),(2943,'Lab Report',23,139,140),(2944,'Presentation',35,3,140),(2945,'Lab Report',39,139,141),(2946,'Presentation',14,3,141),(2947,'Lab Report',35,139,158),(2948,'Presentation',35,3,158),(2949,'Lab Report',12,139,163),(2950,'Presentation',12,3,163),(2951,'Lab Report',21,139,236),(2952,'Presentation',21,3,236),(2953,'Lab Report',49,139,251),(2954,'Presentation',43,3,251),(2955,'Lab Report',53,139,278),(2956,'Presentation',70,3,278),(2957,'Research Paper',75,5,27),(2958,'Quiz 1',1,68,27),(2959,'Presentation',40,3,27),(2960,'Discussion Board',40,1,27),(2961,'Lab Report',29,139,27),(2962,'Research Paper',28,5,34),(2963,'Quiz 1',71,68,34),(2964,'Presentation',53,3,34),(2965,'Discussion Board',45,1,34),(2966,'Lab Report',12,139,34),(2967,'Research Paper',26,5,45),(2968,'Quiz 1',23,68,45),(2969,'Presentation',29,3,45),(2970,'Discussion Board',22,1,45),(2971,'Lab Report',30,139,45),(2972,'Research Paper',10,5,75),(2973,'Quiz 1',46,68,75),(2974,'Presentation',41,3,75),(2975,'Discussion Board',22,1,75),(2976,'Lab Report',83,139,75),(2977,'Research Paper',2,5,100),(2978,'Quiz 1',37,68,100),(2979,'Presentation',41,3,100),(2980,'Discussion Board',30,1,100),(2981,'Lab Report',5,139,100),(2982,'Research Paper',40,5,137),(2983,'Quiz 1',6,68,137),(2984,'Presentation',44,3,137),(2985,'Discussion Board',83,1,137),(2986,'Lab Report',85,139,137),(2987,'Research Paper',2,5,144),(2988,'Quiz 1',10,68,144),(2989,'Presentation',52,3,144),(2990,'Discussion Board',63,1,144),(2991,'Lab Report',67,139,144),(2992,'Research Paper',62,5,191),(2993,'Quiz 1',65,68,191),(2994,'Presentation',99,3,191),(2995,'Discussion Board',72,1,191),(2996,'Lab Report',1,139,191),(2997,'Research Paper',45,5,197),(2998,'Quiz 1',49,68,197),(2999,'Presentation',78,3,197),(3000,'Discussion Board',25,1,197),(3001,'Lab Report',34,139,197),(3002,'Research Paper',69,5,210),(3003,'Quiz 1',94,68,210),(3004,'Presentation',53,3,210),(3005,'Discussion Board',32,1,210),(3006,'Lab Report',19,139,210),(3007,'Research Paper',98,5,215),(3008,'Quiz 1',88,68,215),(3009,'Presentation',88,3,215),(3010,'Discussion Board',73,1,215),(3011,'Lab Report',75,139,215),(3012,'Research Paper',6,5,228),(3013,'Quiz 1',45,68,228),(3014,'Presentation',82,3,228),(3015,'Discussion Board',76,1,228),(3016,'Lab Report',63,139,228),(3017,'Research Paper',85,5,233),(3018,'Quiz 1',53,68,233),(3019,'Presentation',77,3,233),(3020,'Discussion Board',86,1,233),(3021,'Lab Report',42,139,233),(3022,'Research Paper',99,5,243),(3023,'Quiz 1',52,68,243),(3024,'Presentation',4,3,243),(3025,'Discussion Board',36,1,243),(3026,'Lab Report',77,139,243),(3027,'Research Paper',60,5,248),(3028,'Quiz 1',26,68,248),(3029,'Presentation',14,3,248),(3030,'Discussion Board',40,1,248),(3031,'Lab Report',45,139,248),(3032,'Research Paper',3,5,249),(3033,'Quiz 1',22,68,249),(3034,'Presentation',68,3,249),(3035,'Discussion Board',56,1,249),(3036,'Lab Report',19,139,249),(3037,'Research Paper',27,5,271),(3038,'Quiz 1',58,68,271),(3039,'Presentation',81,3,271),(3040,'Discussion Board',47,1,271),(3041,'Lab Report',12,139,271),(3042,'Research Paper',86,5,286),(3043,'Quiz 1',47,68,286),(3044,'Presentation',40,3,286),(3045,'Discussion Board',30,1,286),(3046,'Lab Report',5,139,286),(3047,'Research Paper',6,5,300),(3048,'Quiz 1',14,68,300),(3049,'Presentation',32,3,300),(3050,'Discussion Board',92,1,300),(3051,'Lab Report',10,139,300),(3052,'Project 1',73,40,36),(3053,'Research Paper',34,5,36),(3054,'Project 1',16,40,68),(3055,'Research Paper',60,5,68),(3056,'Project 1',37,40,78),(3057,'Research Paper',88,5,78),(3058,'Project 1',78,40,120),(3059,'Research Paper',50,5,120),(3060,'Project 1',83,40,123),(3061,'Research Paper',34,5,123),(3062,'Project 1',59,40,126),(3064,'Project 1',16,40,162),(3065,'Research Paper',28,5,162),(3066,'Project 1',3,40,170),(3067,'Research Paper',8,5,170),(3068,'Project 1',19,40,235),(3069,'Research Paper',55,5,235),(3070,'Project 1',25,40,244),(3071,'Research Paper',69,5,244),(3072,'Homework 1',45,48,36),(3073,'Quiz 1',81,68,36),(3074,'Final Exam',12,39,36),(3075,'Case Study',86,2,36),(3076,'Presentation',33,3,36),(3077,'Homework 1',39,48,44),(3078,'Quiz 1',91,68,44),(3079,'Final Exam',33,39,44),(3080,'Case Study',63,2,44),(3081,'Presentation',90,3,44),(3082,'Homework 1',14,48,57),(3083,'Quiz 1',44,68,57),(3084,'Final Exam',32,39,57),(3085,'Case Study',9,2,57),(3086,'Presentation',78,3,57),(3087,'Homework 1',5,48,65),(3088,'Quiz 1',6,68,65),(3089,'Final Exam',5,39,65),(3090,'Case Study',89,2,65),(3091,'Presentation',96,3,65),(3092,'Homework 1',11,48,73),(3093,'Quiz 1',51,68,73),(3094,'Final Exam',9,39,73),(3095,'Case Study',30,2,73),(3096,'Presentation',48,3,73),(3097,'Homework 1',53,48,104),(3098,'Quiz 1',95,68,104),(3099,'Final Exam',24,39,104),(3100,'Case Study',89,2,104),(3101,'Presentation',75,3,104),(3102,'Homework 1',77,48,112),(3103,'Quiz 1',39,68,112),(3104,'Final Exam',13,39,112),(3105,'Case Study',59,2,112),(3106,'Presentation',51,3,112),(3107,'Homework 1',40,48,132),(3108,'Quiz 1',55,68,132),(3109,'Final Exam',90,39,132),(3110,'Case Study',55,2,132),(3111,'Presentation',99,3,132),(3112,'Homework 1',46,48,133),(3113,'Quiz 1',2,68,133),(3114,'Final Exam',72,39,133),(3115,'Case Study',98,2,133),(3116,'Presentation',62,3,133),(3117,'Homework 1',66,48,134),(3118,'Quiz 1',70,68,134),(3119,'Final Exam',72,39,134),(3120,'Case Study',19,2,134),(3121,'Presentation',27,3,134),(3122,'Homework 1',18,48,145),(3123,'Quiz 1',91,68,145),(3124,'Final Exam',50,39,145),(3125,'Case Study',10,2,145),(3126,'Presentation',98,3,145),(3127,'Homework 1',25,48,150),(3128,'Quiz 1',74,68,150),(3129,'Final Exam',29,39,150),(3130,'Case Study',21,2,150),(3131,'Presentation',82,3,150),(3132,'Homework 1',49,48,160),(3133,'Quiz 1',3,68,160),(3134,'Final Exam',64,39,160),(3135,'Case Study',12,2,160),(3136,'Presentation',42,3,160),(3137,'Homework 1',66,48,206),(3138,'Quiz 1',48,68,206),(3139,'Final Exam',3,39,206),(3140,'Case Study',38,2,206),(3141,'Presentation',79,3,206),(3142,'Homework 1',16,48,239),(3143,'Quiz 1',55,68,239),(3144,'Final Exam',7,39,239),(3145,'Case Study',26,2,239),(3146,'Presentation',73,3,239),(3147,'Homework 1',74,48,243),(3148,'Quiz 1',13,68,243),(3149,'Final Exam',10,39,243),(3150,'Case Study',95,2,243),(3151,'Presentation',11,3,243),(3152,'Homework 1',87,48,249),(3153,'Quiz 1',22,68,249),(3154,'Final Exam',39,39,249),(3155,'Case Study',57,2,249),(3156,'Presentation',60,3,249),(3157,'Homework 1',3,48,251),(3158,'Quiz 1',25,68,251),(3159,'Final Exam',85,39,251),(3160,'Case Study',41,2,251),(3161,'Presentation',33,3,251),(3162,'Homework 1',6,48,257),(3163,'Quiz 1',84,68,257),(3164,'Final Exam',39,39,257),(3165,'Case Study',63,2,257),(3166,'Presentation',73,3,257),(3167,'Homework 1',40,48,259),(3168,'Quiz 1',66,68,259),(3169,'Final Exam',99,39,259),(3170,'Case Study',98,2,259),(3171,'Presentation',54,3,259),(3172,'Homework 1',8,48,262),(3173,'Quiz 1',98,68,262),(3174,'Final Exam',51,39,262),(3175,'Case Study',81,2,262),(3176,'Presentation',11,3,262),(3177,'Homework 1',3,48,268),(3178,'Quiz 1',47,68,268),(3179,'Final Exam',74,39,268),(3180,'Case Study',79,2,268),(3181,'Presentation',58,3,268),(3182,'Homework 1',50,48,274),(3183,'Quiz 1',98,68,274),(3184,'Final Exam',37,39,274),(3185,'Case Study',72,2,274),(3186,'Presentation',33,3,274),(3187,'Homework 1',85,48,294),(3188,'Quiz 1',60,68,294),(3189,'Final Exam',8,39,294),(3190,'Case Study',65,2,294),(3191,'Presentation',68,3,294),(3192,'Case Study',57,2,36),(3193,'Presentation',71,3,36),(3194,'Project 1',72,40,36),(3195,'Case Study',76,2,94),(3196,'Presentation',73,3,94),(3197,'Project 1',34,40,94),(3198,'Case Study',36,2,117),(3199,'Presentation',63,3,117),(3200,'Project 1',17,40,117),(3201,'Case Study',68,2,121),(3202,'Presentation',59,3,121),(3203,'Project 1',55,40,121),(3204,'Case Study',76,2,127),(3205,'Presentation',3,3,127),(3206,'Project 1',8,40,127),(3207,'Case Study',9,2,151),(3208,'Presentation',41,3,151),(3209,'Project 1',38,40,151),(3210,'Case Study',76,2,179),(3211,'Presentation',76,3,179),(3212,'Project 1',88,40,179),(3213,'Case Study',61,2,195),(3214,'Presentation',33,3,195),(3215,'Project 1',13,40,195),(3216,'Case Study',68,2,212),(3217,'Presentation',31,3,212),(3218,'Project 1',19,40,212),(3219,'Case Study',55,2,291),(3221,'Project 1',30,40,291),(3222,'Quiz 1',57,68,36),(3223,'Homework 1',68,48,36),(3224,'Case Study',90,2,36),(3225,'Midterm Exam',52,4,36),(3226,'Presentation',85,3,36),(3227,'Final Exam',12,39,36),(3228,'Quiz 1',41,68,79),(3229,'Homework 1',22,48,79),(3230,'Case Study',3,2,79),(3231,'Midterm Exam',97,4,79),(3232,'Presentation',62,3,79),(3233,'Final Exam',98,39,79),(3234,'Quiz 1',26,68,98),(3235,'Homework 1',33,48,98),(3236,'Case Study',77,2,98),(3237,'Midterm Exam',68,4,98),(3238,'Presentation',86,3,98),(3239,'Final Exam',43,39,98),(3240,'Quiz 1',25,68,166),(3241,'Homework 1',5,48,166),(3242,'Case Study',54,2,166),(3243,'Midterm Exam',99,4,166),(3244,'Presentation',3,3,166),(3245,'Final Exam',91,39,166),(3246,'Quiz 1',9,68,170),(3247,'Homework 1',79,48,170),(3248,'Case Study',70,2,170),(3249,'Midterm Exam',61,4,170),(3250,'Presentation',66,3,170),(3251,'Final Exam',97,39,170),(3252,'Quiz 1',38,68,175),(3253,'Homework 1',26,48,175),(3254,'Case Study',35,2,175),(3255,'Midterm Exam',40,4,175),(3256,'Presentation',42,3,175),(3257,'Final Exam',59,39,175),(3258,'Quiz 1',45,68,178),(3259,'Homework 1',88,48,178),(3260,'Case Study',70,2,178),(3261,'Midterm Exam',76,4,178),(3262,'Presentation',43,3,178),(3263,'Final Exam',33,39,178),(3264,'Quiz 1',15,68,195),(3265,'Homework 1',86,48,195),(3266,'Case Study',60,2,195),(3267,'Midterm Exam',52,4,195),(3268,'Presentation',23,3,195),(3269,'Final Exam',15,39,195),(3270,'Quiz 1',26,68,234),(3271,'Homework 1',25,48,234),(3272,'Case Study',97,2,234),(3273,'Midterm Exam',4,4,234),(3274,'Presentation',33,3,234),(3275,'Final Exam',89,39,234),(3276,'Quiz 1',44,68,253),(3277,'Homework 1',95,48,253),(3278,'Case Study',32,2,253),(3279,'Midterm Exam',60,4,253),(3280,'Presentation',57,3,253),(3281,'Final Exam',26,39,253),(3282,'Quiz 1',84,68,264),(3283,'Homework 1',36,48,264),(3284,'Case Study',55,2,264),(3285,'Midterm Exam',65,4,264),(3286,'Presentation',85,3,264),(3287,'Final Exam',70,39,264),(3288,'Quiz 1',37,68,274),(3289,'Homework 1',44,48,274),(3290,'Case Study',57,2,274),(3291,'Midterm Exam',94,4,274),(3292,'Presentation',55,3,274),(3293,'Final Exam',7,39,274),(3294,'Quiz 1',70,68,297),(3295,'Homework 1',6,48,297),(3296,'Case Study',81,2,297),(3297,'Midterm Exam',83,4,297),(3298,'Presentation',47,3,297),(3299,'Final Exam',76,39,297),(3300,'Presentation',65,3,42),(3301,'Lab Report',27,139,42),(3302,'Presentation',38,3,51),(3303,'Lab Report',1,139,51),(3304,'Presentation',70,3,58),(3305,'Lab Report',23,139,58),(3306,'Presentation',39,3,72),(3307,'Lab Report',92,139,72),(3308,'Presentation',15,3,73),(3309,'Lab Report',71,139,73),(3310,'Presentation',67,3,85),(3311,'Lab Report',5,139,85),(3312,'Presentation',94,3,111),(3314,'Presentation',54,3,156),(3315,'Lab Report',10,139,156),(3316,'Presentation',75,3,158),(3317,'Lab Report',35,139,158),(3318,'Presentation',79,3,174),(3319,'Lab Report',67,139,174),(3320,'Presentation',18,3,181),(3321,'Lab Report',55,139,181),(3322,'Presentation',48,3,191),(3323,'Lab Report',66,139,191),(3324,'Presentation',28,3,196);
/*!40000 ALTER TABLE `grades` ENABLE KEYS */;
UNLOCK TABLES;

--
-- Table structure for table `parents`
--

DROP TABLE IF EXISTS `parents`;
/*!40101 SET @saved_cs_client     = @@character_set_client */;
/*!50503 SET character_set_client = utf8mb4 */;
CREATE TABLE `parents` (
  `Parent_ID` int NOT NULL,
  `Name` varchar(100) DEFAULT NULL,
  `Email` varchar(255) DEFAULT NULL,
  PRIMARY KEY (`Parent_ID`)
) ENGINE=InnoDB DEFAULT CHARSET=utf8mb4 COLLATE=utf8mb4_0900_ai_ci;
/*!40101 SET character_set_client = @saved_cs_client */;

--
-- Dumping data for table `parents`
--

LOCK TABLES `parents` WRITE;
/*!40000 ALTER TABLE `parents` DISABLE KEYS */;
INSERT INTO `parents` VALUES (1,'Jane Garcia','jane.garcia@yahoo.com'),(2,'Michael Jones','michael.jones@gmail.com'),(3,'Sarah Miller','sarah.miller@yahoo.com'),(4,'Robert Smith','robert.smith@gmail.com'),(5,'David Jones','david.jones@gmail.com'),(6,'Laura Jones','laura.jones@gmail.com'),(7,'David Miller','david.miller@yahoo.com'),(8,'James Smith','james.smith@yahoo.com'),(9,'Michael Johnson','michael.johnson@gmail.com'),(10,'Olivia Rodriguez','olivia.rodriguez@yahoo.com'),(11,'Jane Martinez','jane.martinez@outlook.com'),(12,'Emily Brown','emily.brown@gmail.com'),(13,'Olivia Rodriguez','olivia.rodriguez@outlook.com'),(14,'Olivia Davis','olivia.davis@yahoo.com'),(15,'David Smith','david.smith@yahoo.com'),(16,'David Smith','david.smith@outlook.com'),(17,'Robert Brown','robert.brown@yahoo.com'),(18,'David Miller','david.miller@yahoo.com'),(19,'Robert Johnson','robert.johnson@yahoo.com'),(20,'Emily Smith','emily.smith@yahoo.com'),(21,'Sarah Brown','sarah.brown@gmail.com'),(22,'James Johnson','james.johnson@outlook.com'),(23,'Robert Miller','robert.miller@gmail.com'),(24,'Olivia Smith','olivia.smith@gmail.com'),(25,'Jane Davis','jane.davis@gmail.com'),(26,'Emily Johnson','emily.johnson@gmail.com'),(27,'Laura Jones','laura.jones@gmail.com'),(28,'Michael Brown','michael.brown@gmail.com'),(29,'Jane Jones','jane.jones@outlook.com'),(30,'Michael Martinez','michael.martinez@gmail.com'),(31,'John Martinez','john.martinez@gmail.com'),(32,'Emily Jones','emily.jones@outlook.com'),(33,'Jane Jones','jane.jones@gmail.com'),(34,'Emily Miller','emily.miller@outlook.com'),(35,'Emily Smith','emily.smith@outlook.com'),(36,'Robert Rodriguez','robert.rodriguez@yahoo.com'),(37,'Sarah Garcia','sarah.garcia@gmail.com'),(38,'Laura Brown','laura.brown@yahoo.com'),(39,'Laura Rodriguez','laura.rodriguez@gmail.com'),(40,'Laura Davis','laura.davis@yahoo.com'),(41,'Laura Smith','laura.smith@gmail.com'),(42,'John Rodriguez','john.rodriguez@outlook.com'),(43,'John Garcia','john.garcia@outlook.com'),(44,'Emily Brown','emily.brown@gmail.com'),(45,'James Miller','james.miller@gmail.com'),(46,'Laura Jones','laura.jones@gmail.com'),(47,'Robert Johnson','robert.johnson@outlook.com'),(48,'Laura Jones','laura.jones@outlook.com'),(49,'Michael Smith','michael.smith@yahoo.com'),(50,'David Davis','david.davis@outlook.com'),(51,'Laura Smith','laura.smith@gmail.com'),(52,'Olivia Johnson','olivia.johnson@outlook.com'),(53,'Emily Davis','emily.davis@gmail.com'),(54,'Jane Davis','jane.davis@yahoo.com'),(55,'John Garcia','john.garcia@yahoo.com'),(56,'Robert Garcia','robert.garcia@yahoo.com'),(57,'John Martinez','john.martinez@yahoo.com'),(58,'Olivia Martinez','olivia.martinez@outlook.com'),(59,'Sarah Williams','sarah.williams@outlook.com'),(60,'Michael Martinez','michael.martinez@yahoo.com'),(61,'Sarah Martinez','sarah.martinez@yahoo.com'),(62,'Olivia Smith','olivia.smith@gmail.com'),(63,'Robert Brown','robert.brown@yahoo.com'),(64,'Robert Jones','robert.jones@gmail.com'),(65,'Sarah Garcia','sarah.garcia@gmail.com'),(66,'David Davis','david.davis@yahoo.com'),(67,'Sarah Brown','sarah.brown@outlook.com'),(68,'Robert Garcia','robert.garcia@outlook.com'),(69,'Sarah Williams','sarah.williams@gmail.com'),(70,'Jane Smith','jane.smith@gmail.com'),(71,'Emily Davis','emily.davis@yahoo.com'),(72,'Jane Williams','jane.williams@yahoo.com'),(73,'Laura Miller','laura.miller@yahoo.com'),(74,'Michael Johnson','michael.johnson@outlook.com'),(75,'Jane Williams','jane.williams@yahoo.com'),(76,'David Brown','david.brown@outlook.com'),(77,'John Johnson','john.johnson@outlook.com'),(78,'Laura Miller','laura.miller@gmail.com'),(79,'Michael Williams','michael.williams@outlook.com'),(80,'Laura Williams','laura.williams@outlook.com'),(81,'John Garcia','john.garcia@yahoo.com'),(82,'Michael Johnson','michael.johnson@outlook.com'),(83,'Laura Martinez','laura.martinez@gmail.com'),(84,'Emily Garcia','emily.garcia@outlook.com'),(85,'James Jones','james.jones@gmail.com'),(86,'Olivia Jones','olivia.jones@gmail.com'),(87,'Michael Johnson','michael.johnson@yahoo.com'),(88,'James Martinez','james.martinez@yahoo.com'),(89,'Laura Garcia','laura.garcia@gmail.com'),(90,'Laura Jones','laura.jones@yahoo.com'),(91,'Laura Davis','laura.davis@gmail.com'),(92,'David Martinez','david.martinez@yahoo.com'),(93,'Olivia Brown','olivia.brown@outlook.com'),(94,'David Williams','david.williams@yahoo.com'),(95,'Sarah Davis','sarah.davis@gmail.com'),(96,'David Johnson','david.johnson@outlook.com'),(97,'John Martinez','john.martinez@yahoo.com'),(98,'Sarah Davis','sarah.davis@yahoo.com'),(99,'Jane Davis','jane.davis@outlook.com'),(100,'James Davis','james.davis@yahoo.com'),(101,'Olivia Rodriguez','olivia.rodriguez@yahoo.com'),(102,'Michael Martinez','michael.martinez@outlook.com'),(103,'Sarah Davis','sarah.davis@outlook.com'),(104,'Olivia Miller','olivia.miller@outlook.com'),(105,'James Jones','james.jones@gmail.com'),(106,'Robert Smith','robert.smith@outlook.com'),(107,'Emily Brown','emily.brown@outlook.com'),(108,'Michael Brown','michael.brown@yahoo.com'),(109,'Jane Martinez','jane.martinez@gmail.com'),(110,'Michael Smith','michael.smith@yahoo.com'),(111,'Olivia Jones','olivia.jones@yahoo.com'),(112,'James Smith','james.smith@yahoo.com'),(113,'Robert Garcia','robert.garcia@yahoo.com'),(114,'Sarah Williams','sarah.williams@outlook.com'),(115,'Michael Davis','michael.davis@yahoo.com'),(116,'Michael Miller','michael.miller@outlook.com'),(117,'Emily Garcia','emily.garcia@gmail.com'),(118,'David Smith','david.smith@outlook.com'),(119,'James Brown','james.brown@yahoo.com'),(120,'Michael Johnson','michael.johnson@gmail.com'),(121,'Sarah Brown','sarah.brown@outlook.com'),(122,'Robert Martinez','robert.martinez@yahoo.com'),(123,'Emily Rodriguez','emily.rodriguez@gmail.com'),(124,'John Smith','john.smith@outlook.com'),(125,'Sarah Rodriguez','sarah.rodriguez@outlook.com'),(126,'Emily Williams','emily.williams@gmail.com'),(127,'Robert Jones','robert.jones@gmail.com'),(128,'Michael Davis','michael.davis@outlook.com'),(129,'Robert Brown','robert.brown@yahoo.com'),(130,'James Miller','james.miller@outlook.com'),(131,'John Jones','john.jones@gmail.com'),(132,'Laura Davis','laura.davis@yahoo.com'),(133,'Michael Williams','michael.williams@outlook.com'),(134,'Sarah Garcia','sarah.garcia@gmail.com'),(135,'David Martinez','david.martinez@yahoo.com'),(136,'Olivia Garcia','olivia.garcia@outlook.com'),(137,'Jane Miller','jane.miller@outlook.com'),(138,'Sarah Smith','sarah.smith@yahoo.com'),(139,'John Miller','john.miller@gmail.com'),(140,'Sarah Martinez','sarah.martinez@outlook.com'),(141,'Jane Jones','jane.jones@outlook.com'),(142,'Olivia Williams','olivia.williams@yahoo.com'),(143,'Emily Smith','emily.smith@yahoo.com'),(144,'John Johnson','john.johnson@yahoo.com'),(145,'Jane Williams','jane.williams@yahoo.com'),(146,'Robert Jones','robert.jones@gmail.com'),(147,'David Johnson','david.johnson@gmail.com'),(148,'Sarah Jones','sarah.jones@gmail.com'),(149,'Michael Miller','michael.miller@yahoo.com'),(150,'Sarah Miller','sarah.miller@yahoo.com'),(151,'Michael Miller','michael.miller@gmail.com'),(152,'Olivia Williams','olivia.williams@gmail.com'),(153,'Michael Martinez','michael.martinez@gmail.com'),(154,'Emily Brown','emily.brown@yahoo.com'),(155,'David Rodriguez','david.rodriguez@gmail.com'),(156,'Jane Miller','jane.miller@yahoo.com'),(157,'Olivia Garcia','olivia.garcia@gmail.com'),(158,'Laura Garcia','laura.garcia@outlook.com'),(159,'Jane Martinez','jane.martinez@yahoo.com'),(160,'Laura Smith','laura.smith@outlook.com'),(161,'Robert Garcia','robert.garcia@gmail.com'),(162,'Michael Davis','michael.davis@gmail.com'),(163,'David Jones','david.jones@yahoo.com'),(164,'Olivia Davis','olivia.davis@gmail.com'),(165,'Jane Rodriguez','jane.rodriguez@yahoo.com'),(166,'Michael Brown','michael.brown@yahoo.com'),(167,'John Jones','john.jones@yahoo.com'),(168,'Sarah Williams','sarah.williams@outlook.com'),(169,'Sarah Jones','sarah.jones@yahoo.com'),(170,'John Johnson','john.johnson@yahoo.com'),(171,'James Miller','james.miller@gmail.com'),(172,'James Williams','james.williams@outlook.com'),(173,'John Johnson','john.johnson@yahoo.com'),(174,'David Miller','david.miller@yahoo.com'),(175,'John Garcia','john.garcia@outlook.com'),(176,'James Smith','james.smith@gmail.com'),(177,'John Martinez','john.martinez@outlook.com'),(178,'Michael Jones','michael.jones@yahoo.com'),(179,'Laura Johnson','laura.johnson@yahoo.com'),(180,'Michael Garcia','michael.garcia@outlook.com'),(181,'Olivia Davis','olivia.davis@yahoo.com'),(182,'James Garcia','james.garcia@gmail.com'),(183,'Olivia Brown','olivia.brown@yahoo.com'),(184,'Sarah Garcia','sarah.garcia@yahoo.com'),(185,'Olivia Johnson','olivia.johnson@yahoo.com'),(186,'John Miller','john.miller@gmail.com'),(187,'Jane Jones','jane.jones@outlook.com'),(188,'Robert Miller','robert.miller@yahoo.com'),(189,'Laura Davis','laura.davis@yahoo.com'),(190,'Emily Garcia','emily.garcia@gmail.com'),(191,'Emily Smith','emily.smith@outlook.com'),(192,'Michael Davis','michael.davis@gmail.com'),(193,'Sarah Jones','sarah.jones@outlook.com'),(194,'Olivia Miller','olivia.miller@yahoo.com'),(195,'Jane Williams','jane.williams@yahoo.com'),(196,'Michael Williams','michael.williams@outlook.com'),(197,'Laura Martinez','laura.martinez@outlook.com'),(198,'Emily Rodriguez','emily.rodriguez@yahoo.com'),(199,'David Garcia','david.garcia@outlook.com'),(200,'James Brown','james.brown@outlook.com'),(201,'Michael Johnson','michael.johnson@outlook.com'),(202,'Sarah Johnson','sarah.johnson@gmail.com'),(203,'Laura Davis','laura.davis@outlook.com'),(204,'John Smith','john.smith@gmail.com'),(205,'Robert Garcia','robert.garcia@yahoo.com'),(206,'Sarah Martinez','sarah.martinez@outlook.com'),(207,'Michael Davis','michael.davis@gmail.com'),(208,'David Jones','david.jones@outlook.com'),(209,'Sarah Martinez','sarah.martinez@gmail.com'),(210,'Emily Smith','emily.smith@gmail.com'),(211,'Michael Miller','michael.miller@gmail.com'),(212,'Sarah Martinez','sarah.martinez@outlook.com'),(213,'Sarah Garcia','sarah.garcia@yahoo.com'),(214,'Emily Johnson','emily.johnson@gmail.com'),(215,'John Brown','john.brown@yahoo.com'),(216,'Laura Davis','laura.davis@yahoo.com'),(217,'Robert Smith','robert.smith@gmail.com'),(218,'Olivia Johnson','olivia.johnson@gmail.com'),(219,'Michael Rodriguez','michael.rodriguez@yahoo.com'),(220,'James Davis','james.davis@outlook.com'),(221,'James Brown','james.brown@yahoo.com'),(222,'Jane Williams','jane.williams@yahoo.com'),(223,'Sarah Johnson','sarah.johnson@yahoo.com'),(224,'Olivia Martinez','olivia.martinez@yahoo.com'),(225,'Sarah Martinez','sarah.martinez@outlook.com'),(226,'Sarah Martinez','sarah.martinez@yahoo.com'),(227,'James Brown','james.brown@yahoo.com'),(228,'Olivia Brown','olivia.brown@yahoo.com'),(229,'John Garcia','john.garcia@outlook.com'),(230,'David Smith','david.smith@gmail.com'),(231,'James Rodriguez','james.rodriguez@gmail.com'),(232,'Olivia Davis','olivia.davis@yahoo.com'),(233,'Sarah Martinez','sarah.martinez@gmail.com'),(234,'James Garcia','james.garcia@gmail.com'),(235,'Sarah Johnson','sarah.johnson@yahoo.com'),(236,'Jane Smith','jane.smith@gmail.com'),(237,'James Smith','james.smith@gmail.com'),(238,'Emily Miller','emily.miller@gmail.com'),(239,'Laura Miller','laura.miller@yahoo.com'),(240,'David Martinez','david.martinez@gmail.com'),(241,'Sarah Smith','sarah.smith@yahoo.com'),(242,'James Miller','james.miller@yahoo.com'),(243,'James Garcia','james.garcia@yahoo.com'),(244,'Olivia Miller','olivia.miller@outlook.com'),(245,'Emily Williams','emily.williams@yahoo.com'),(246,'Michael Rodriguez','michael.rodriguez@yahoo.com'),(247,'Michael Martinez','michael.martinez@outlook.com'),(248,'James Davis','james.davis@gmail.com'),(249,'Robert Davis','robert.davis@gmail.com'),(250,'Jane Smith','jane.smith@gmail.com'),(251,'Michael Johnson','michael.johnson@outlook.com'),(252,'Michael Jones','michael.jones@gmail.com'),(253,'Olivia Davis','olivia.davis@yahoo.com'),(254,'Laura Smith','laura.smith@gmail.com'),(255,'Laura Smith','laura.smith@yahoo.com'),(256,'David Rodriguez','david.rodriguez@yahoo.com'),(257,'Jane Williams','jane.williams@yahoo.com'),(258,'Sarah Miller','sarah.miller@gmail.com'),(259,'John Davis','john.davis@gmail.com'),(260,'Jane Martinez','jane.martinez@gmail.com'),(261,'Emily Brown','emily.brown@yahoo.com'),(262,'Sarah Davis','sarah.davis@outlook.com'),(263,'James Martinez','james.martinez@gmail.com'),(264,'Laura Garcia','laura.garcia@outlook.com'),(265,'Emily Rodriguez','emily.rodriguez@gmail.com'),(266,'John Smith','john.smith@gmail.com'),(267,'James Williams','james.williams@yahoo.com'),(268,'Jane Rodriguez','jane.rodriguez@yahoo.com'),(269,'Sarah Martinez','sarah.martinez@outlook.com'),(270,'Michael Rodriguez','michael.rodriguez@outlook.com'),(271,'Olivia Smith','olivia.smith@yahoo.com'),(272,'Olivia Davis','olivia.davis@outlook.com'),(273,'Michael Miller','michael.miller@outlook.com'),(274,'James Brown','james.brown@yahoo.com'),(275,'Olivia Davis','olivia.davis@gmail.com'),(276,'Olivia Garcia','olivia.garcia@gmail.com'),(277,'Robert Rodriguez','robert.rodriguez@outlook.com'),(278,'David Garcia','david.garcia@gmail.com'),(279,'Jane Davis','jane.davis@yahoo.com'),(280,'Michael Smith','michael.smith@outlook.com'),(281,'Laura Smith','laura.smith@outlook.com'),(282,'James Brown','james.brown@outlook.com'),(283,'David Johnson','david.johnson@outlook.com'),(284,'Sarah Miller','sarah.miller@yahoo.com'),(285,'James Davis','james.davis@yahoo.com'),(286,'John Brown','john.brown@gmail.com'),(287,'Robert Davis','robert.davis@outlook.com'),(288,'Laura Garcia','laura.garcia@outlook.com'),(289,'Jane Smith','jane.smith@gmail.com'),(290,'Laura Williams','laura.williams@outlook.com'),(291,'John Garcia','john.garcia@gmail.com'),(292,'James Davis','james.davis@gmail.com'),(293,'Sarah Davis','sarah.davis@gmail.com'),(294,'David Smith','david.smith@yahoo.com'),(295,'Emily Williams','emily.williams@outlook.com'),(296,'Michael Johnson','michael.johnson@yahoo.com'),(297,'James Johnson','james.johnson@gmail.com'),(298,'James Jones','james.jones@gmail.com'),(299,'Olivia Garcia','olivia.garcia@gmail.com'),(300,'Emily Martinez','emily.martinez@gmail.com'),(301,'Jane Williams','jane.williams@gmail.com'),(302,'David Rodriguez','david.rodriguez@gmail.com'),(303,'David Johnson','david.johnson@gmail.com'),(304,'Olivia Rodriguez','olivia.rodriguez@outlook.com'),(305,'James Johnson','james.johnson@outlook.com'),(306,'Jane Davis','jane.davis@gmail.com'),(307,'James Williams','james.williams@yahoo.com');
/*!40000 ALTER TABLE `parents` ENABLE KEYS */;
UNLOCK TABLES;

--
-- Table structure for table `student_course_enrollment`
--

DROP TABLE IF EXISTS `student_course_enrollment`;
/*!40101 SET @saved_cs_client     = @@character_set_client */;
/*!50503 SET character_set_client = utf8mb4 */;
CREATE TABLE `student_course_enrollment` (
  `Enrollment_ID` int NOT NULL,
  `Enrollment_Date` varchar(155) NOT NULL,
  `Course_Code` varchar(10) NOT NULL,
  `Student_ID` int NOT NULL,
  PRIMARY KEY (`Enrollment_ID`),
  KEY `Student_Course_Enrollment_Courses` (`Course_Code`),
  KEY `Student_Course_Enrollment_Students` (`Student_ID`),
  CONSTRAINT `Student_Course_Enrollment_Courses` FOREIGN KEY (`Course_Code`) REFERENCES `courses` (`Course_Code`),
  CONSTRAINT `Student_Course_Enrollment_Students` FOREIGN KEY (`Student_ID`) REFERENCES `students` (`Student_ID`)
) ENGINE=InnoDB DEFAULT CHARSET=utf8mb4 COLLATE=utf8mb4_0900_ai_ci;
/*!40101 SET character_set_client = @saved_cs_client */;

--
-- Dumping data for table `student_course_enrollment`
--

LOCK TABLES `student_course_enrollment` WRITE;
/*!40000 ALTER TABLE `student_course_enrollment` DISABLE KEYS */;
INSERT INTO `student_course_enrollment` VALUES (5,'2023-12-21','CS901',55),(7,'2023-08-10','CS501',31),(15,'2023-05-31','CS1002',148),(27,'2023-03-01','CS601',69),(28,'2023-09-20','CS701',214),(32,'2023-02-06','CS401',261),(96,'2023-07-17','CS1002',109),(122,'2023-02-18','CS1001',48),(170,'2023-06-03','CS101',205),(190,'2023-05-19','CS701',205),(200,'2023-01-16','CS501',76),(201,'2025-02-25','CS1002',902),(222,'2023-10-16','CS701',264),(232,'2023-09-25','CS1002',286),(240,'2023-02-24','CS601',108),(242,'2023-08-31','CS601',97),(244,'2023-11-07','CS701',10),(250,'2023-10-30','CS901',134),(278,'2023-05-26','CS301',184),(297,'2023-06-01','CS701',28),(300,'2023-10-30','CS701',216),(346,'2023-10-09','CS101',170),(347,'2023-10-22','CS401',257),(351,'2023-09-06','CS801',100),(364,'2023-05-03','CS701',250),(390,'2023-12-29','CS501',209),(410,'2023-10-14','CS701',97),(414,'2023-10-15','CS301',112),(418,'2023-07-20','CS401',191),(432,'2023-11-09','CS1001',259),(439,'2023-09-30','CS901',209),(462,'2023-11-22','CS401',112),(506,'2023-10-27','CS801',37),(540,'2023-02-25','CS401',142),(576,'2023-09-13','CS1001',45),(584,'2023-03-12','CS701',202),(615,'2023-12-25','CS101',214),(636,'2023-11-26','CS801',194),(666,'2023-06-20','CS301',11),(698,'2023-11-25','CS401',189),(709,'2023-10-02','CS701',23),(751,'2023-11-26','CS201',299),(762,'2023-02-04','CS301',260),(793,'2023-05-23','CS801',226),(819,'2023-11-10','CS601',25),(862,'2023-02-05','CS701',70),(870,'2023-02-28','CS301',153),(888,'2023-04-13','CS201',227),(894,'2023-09-08','CS601',278),(895,'2023-03-25','CS101',82),(896,'2023-07-21','CS801',80),(931,'2023-09-04','CS401',13),(936,'2023-05-20','CS701',31),(946,'2023-12-06','CS401',196),(949,'2023-12-20','CS701',154),(957,'2023-06-24','CS501',208),(1023,'2023-09-26','CS301',54),(1033,'2023-02-02','CS201',117),(1044,'2023-12-06','CS601',126),(1071,'2023-09-08','CS901',126),(1103,'2023-07-20','CS201',35),(1107,'2023-03-13','CS501',277),(1129,'2023-07-09','CS501',60),(1136,'2023-12-14','CS901',31),(1151,'2023-03-13','CS601',94),(1194,'2023-11-05','CS101',287),(1201,'2023-08-25','CS1001',206),(1259,'2023-09-14','CS1001',82),(1263,'2023-11-22','CS901',33),(1272,'2023-03-11','CS501',281),(1276,'2023-03-12','CS201',11),(1294,'2023-11-11','CS901',63),(1323,'2023-01-18','CS1002',81),(1332,'2023-04-22','CS401',237),(1344,'2023-12-04','CS901',303),(1348,'2023-02-22','CS101',90),(1353,'2023-09-29','CS901',172),(1354,'2023-03-18','CS701',293),(1389,'2023-04-05','CS1002',135),(1416,'2023-07-14','CS1001',103),(1420,'2023-03-12','CS701',208),(1457,'2023-09-25','CS801',289),(1460,'2023-09-21','CS701',142),(1469,'2023-11-08','CS201',286),(1485,'2023-07-29','CS101',285),(1492,'2023-03-28','CS801',27),(1498,'2023-05-12','CS501',96),(1541,'2023-12-21','CS601',40),(1547,'2023-04-25','CS601',23),(1559,'2023-09-25','CS701',204),(1576,'2023-09-25','CS801',239),(1583,'2023-08-11','CS801',111),(1617,'2023-07-25','CS1002',108),(1618,'2023-07-17','CS201',52),(1648,'2023-07-10','CS201',230),(1658,'2023-02-27','CS501',284),(1666,'2023-05-22','CS301',270),(1669,'2023-03-30','CS1001',119),(1678,'2023-11-11','CS901',147),(1700,'2023-05-18','CS501',162),(1724,'2023-02-12','CS1001',105),(1749,'2023-12-02','CS201',184),(1825,'2023-11-04','CS501',192),(1826,'2023-04-11','CS901',209),(1848,'2023-12-01','CS501',49),(1873,'2023-03-11','CS901',164),(1875,'2023-10-30','CS601',188),(1892,'2023-09-30','CS1002',137),(1914,'2023-01-01','CS301',116),(1926,'2023-06-28','CS501',14),(1972,'2023-09-25','CS501',140),(2015,'2023-04-24','CS601',104),(2026,'2023-01-22','CS701',244),(2035,'2023-06-20','CS101',306),(2042,'2023-08-02','CS801',279),(2067,'2023-02-21','CS501',24),(2094,'2023-05-17','CS601',54),(2101,'2023-07-27','CS701',155),(2150,'2023-02-20','CS1002',158),(2201,'2023-03-20','CS701',236),(2222,'2023-07-04','CS301',226),(2258,'2023-06-26','CS1001',133),(2259,'2023-07-22','CS201',260),(2273,'2023-03-12','CS801',275),(2288,'2023-10-19','CS101',84),(2296,'2023-11-09','CS1001',71),(2315,'2023-01-28','CS501',198),(2321,'2023-05-08','CS701',177),(2339,'2023-07-17','CS901',177),(2371,'2023-12-03','CS101',36),(2460,'2023-07-26','CS901',165),(2479,'2023-01-26','CS801',214),(2488,'2023-07-25','CS801',73),(2500,'2023-07-19','CS401',12),(2504,'2023-05-06','CS401',39),(2514,'2023-12-01','CS601',159),(2515,'2023-09-19','CS701',90),(2521,'2023-07-14','CS901',260),(2547,'2023-08-11','CS501',285),(2550,'2023-08-29','CS101',100),(2553,'2023-07-29','CS1002',272),(2606,'2023-12-01','CS801',277),(2611,'2024-01-01','CS401',192),(2612,'2023-08-26','CS501',148),(2618,'2023-06-17','CS501',119),(2633,'2023-12-18','CS1001',254),(2640,'2023-10-26','CS501',131),(2642,'2023-09-17','CS601',91),(2643,'2023-11-11','CS501',89),(2647,'2023-03-20','CS801',56),(2653,'2023-12-12','CS1002',289),(2657,'2023-06-25','CS1001',10),(2664,'2023-03-04','CS301',275),(2682,'2023-07-24','CS201',168),(2694,'2023-12-20','CS101',105),(2713,'2023-11-28','CS401',39),(2722,'2023-09-14','CS701',7),(2734,'2023-09-22','CS901',23),(2763,'2023-10-04','CS601',7),(2791,'2023-11-28','CS801',289),(2816,'2023-12-25','CS1002',138),(2839,'2023-11-26','CS1002',61),(2851,'2023-01-19','CS901',18),(2852,'2023-11-11','CS801',225),(2868,'2023-12-22','CS501',25),(2908,'2023-08-25','CS501',39),(2921,'2023-07-20','CS201',279),(2928,'2023-12-23','CS501',150),(2936,'2023-06-30','CS101',42),(2999,'2023-10-05','CS301',105),(3015,'2023-01-01','CS201',145),(3081,'2023-09-25','CS401',152),(3112,'2023-06-11','CS1002',275),(3130,'2023-04-19','CS101',234),(3134,'2023-12-14','CS1002',104),(3173,'2023-11-11','CS301',7),(3192,'2023-06-07','CS501',163),(3212,'2023-06-18','CS801',99),(3213,'2023-09-20','CS701',2),(3286,'2023-10-11','CS1002',211),(3288,'2023-03-03','CS401',87),(3295,'2023-06-29','CS701',256),(3311,'2023-02-13','CS1001',225),(3315,'2023-09-25','CS1001',64),(3351,'2023-02-03','CS901',245),(3397,'2023-02-20','CS1001',251),(3405,'2023-03-09','CS1002',56),(3411,'2023-10-01','CS201',181),(3414,'2023-06-27','CS1002',235),(3418,'2023-08-09','CS1001',147),(3432,'2023-02-12','CS301',274),(3462,'2023-12-30','CS101',154),(3463,'2023-04-08','CS201',116),(3529,'2023-09-16','CS1001',12),(3531,'2023-08-28','CS701',98),(3547,'2023-03-29','CS601',51),(3553,'2023-10-28','CS601',211),(3554,'2023-02-10','CS1002',8),(3558,'2023-04-24','CS901',257),(3561,'2023-05-29','CS501',297),(3587,'2023-06-18','CS601',32),(3591,'2023-05-24','CS101',294),(3605,'2023-03-06','CS801',260),(3646,'2023-09-13','CS601',274),(3650,'2023-09-09','CS901',89),(3677,'2023-12-16','CS501',165),(3757,'2023-06-23','CS201',199),(3769,'2023-01-06','CS201',7),(3785,'2023-08-30','CS501',248),(3840,'2023-04-07','CS1002',11),(3845,'2023-02-16','CS301',238),(3846,'2023-07-03','CS1001',228),(3857,'2023-07-18','CS801',221),(3887,'2023-02-04','CS1002',272),(3893,'2023-06-15','CS401',108),(3902,'2023-09-08','CS1001',233),(3912,'2023-06-04','CS201',111),(3941,'2023-06-25','CS601',11),(3942,'2023-04-24','CS901',102),(3965,'2023-03-06','CS901',201),(3974,'2023-06-12','CS301',266),(3977,'2023-03-13','CS1001',9),(3993,'2023-05-12','CS201',35),(4027,'2023-09-21','CS501',249),(4036,'2023-12-11','CS1001',149),(4053,'2023-09-03','CS901',292),(4067,'2023-05-24','CS201',110),(4104,'2023-04-28','CS901',73),(4105,'2023-02-11','CS101',193),(4107,'2023-01-20','CS201',147),(4109,'2023-09-25','CS1001',4),(4116,'2023-10-19','CS401',51),(4121,'2023-01-11','CS801',272),(4130,'2023-06-20','CS501',117),(4143,'2023-02-03','CS501',32),(4147,'2023-02-14','CS1001',4),(4193,'2023-10-27','CS1001',107),(4205,'2023-05-26','CS301',116),(4216,'2023-04-27','CS201',22),(4306,'2023-12-09','CS401',14),(4325,'2023-10-26','CS401',146),(4342,'2023-10-19','CS201',146),(4345,'2023-09-21','CS901',287),(4375,'2023-02-14','CS501',116),(4383,'2023-04-18','CS1001',128),(4384,'2023-12-07','CS401',91),(4388,'2023-07-26','CS1002',289),(4396,'2023-10-12','CS1001',266),(4429,'2023-03-02','CS301',287),(4442,'2023-05-26','CS1001',114),(4452,'2023-09-30','CS401',169),(4469,'2023-03-27','CS1001',150),(4472,'2023-05-22','CS1002',188),(4494,'2023-02-11','CS901',264),(4532,'2023-05-18','CS701',57),(4575,'2023-07-06','CS601',237),(4604,'2023-12-07','CS601',290),(4631,'2023-01-24','CS1001',55),(4634,'2023-03-04','CS201',16),(4636,'2023-12-29','CS501',127),(4646,'2023-11-19','CS601',75),(4694,'2023-09-07','CS901',4),(4702,'2023-05-28','CS301',101),(4725,'2023-01-31','CS401',196),(4729,'2023-09-10','CS701',227),(4734,'2023-07-07','CS1001',281),(4766,'2023-09-05','CS401',289),(4781,'2023-04-12','CS301',46),(4787,'2023-11-24','CS1001',44),(4810,'2023-06-22','CS201',7),(4825,'2023-12-28','CS501',292),(4835,'2023-01-03','CS801',45),(4851,'2023-06-24','CS901',224),(4873,'2023-04-30','CS301',52),(4875,'2023-02-12','CS301',118),(4888,'2023-06-16','CS101',294),(4899,'2023-02-26','CS201',10),(4953,'2023-08-16','CS701',1);
/*!40000 ALTER TABLE `student_course_enrollment` ENABLE KEYS */;
UNLOCK TABLES;

--
-- Temporary view structure for view `student_grades_view`
--

DROP TABLE IF EXISTS `student_grades_view`;
/*!50001 DROP VIEW IF EXISTS `student_grades_view`*/;
SET @saved_cs_client     = @@character_set_client;
/*!50503 SET character_set_client = utf8mb4 */;
/*!50001 CREATE VIEW `student_grades_view` AS SELECT 
 1 AS `Student_ID`,
 1 AS `Student_Name`,
 1 AS `Course_Name`,
 1 AS `Assignment_Title`,
 1 AS `Score`*/;
SET character_set_client = @saved_cs_client;

--
-- Table structure for table `students`
--

DROP TABLE IF EXISTS `students`;
/*!40101 SET @saved_cs_client     = @@character_set_client */;
/*!50503 SET character_set_client = utf8mb4 */;
CREATE TABLE `students` (
  `Student_ID` int NOT NULL,
  `Name` varchar(100) DEFAULT NULL,
  `Age` int NOT NULL,
  `Grade_Level` varchar(55) NOT NULL,
  `Parent_ID` int NOT NULL,
  PRIMARY KEY (`Student_ID`),
  KEY `Students_Parents` (`Parent_ID`),
  CONSTRAINT `Students_Parents` FOREIGN KEY (`Parent_ID`) REFERENCES `parents` (`Parent_ID`),
  CONSTRAINT `students_chk_1` CHECK (((`Age` > 5) and (`Age` < 26)))
) ENGINE=InnoDB DEFAULT CHARSET=utf8mb4 COLLATE=utf8mb4_0900_ai_ci;
/*!40101 SET character_set_client = @saved_cs_client */;

--
-- Dumping data for table `students`
--

LOCK TABLES `students` WRITE;
/*!40000 ALTER TABLE `students` DISABLE KEYS */;
INSERT INTO `students` VALUES (0,'Kiana Lor',22,'Junior',87),(1,'Joshua Lonaker',22,'Junior',19),(2,'Dakota Blanco',22,'Junior',187),(3,'Natasha Yarusso',20,'Senior',279),(4,'Brooke Cazares',21,'Freshman',196),(5,'Rochelle Johnson',21,'Sophomore',17),(6,'Joey Abreu',22,'Senior',159),(7,'Preston Suarez',22,'Sophomore',27),(8,'Lee Dong',24,'Freshman',177),(9,'Maa\'iz al-Dia',22,'Sophomore',306),(10,'Maja Nicholson',23,'Senior',232),(11,'Sasha Jansen',21,'Sophomore',23),(12,'Alexander Sherman',20,'Freshman',198),(13,'Edgar Sanchez',23,'Senior',220),(14,'Kolbi Strunk',21,'Senior',139),(15,'Brittany Sath',21,'Senior',241),(16,'Meggan Smith',21,'Freshman',250),(17,'Ericka Arreola',23,'Sophomore',134),(18,'David Pulc',24,'Senior',65),(19,'Kyle Luckey',23,'Sophomore',84),(20,'Rojesh Her',22,'Senior',248),(21,'David Weber',20,'Freshman',170),(22,'Rachel Jambor',22,'Junior',268),(23,'Mus\'ab al-Moustafa',23,'Sophomore',182),(24,'Sila Nguyen',23,'Freshman',227),(25,'Samantha Hicks',22,'Junior',102),(26,'Angela Harding',22,'Junior',163),(27,'Brandon Barbour',21,'Freshman',291),(28,'Reilly Wagar',23,'Sophomore',139),(29,'Victoria Ibarra',22,'Senior',214),(30,'Dakota Wirth',22,'Junior',102),(31,'Lauren Klocker',22,'Junior',23),(32,'Michael Benson',21,'Sophomore',62),(33,'Sean Rozga',21,'Sophomore',132),(34,'Cody Vermeylen',23,'Sophomore',243),(35,'Kinaana al-Jamail',22,'Senior',33),(36,'Daniel Garcia',22,'Sophomore',245),(37,'Katrina Saito',22,'Sophomore',142),(38,'Joshua Galloway',24,'Junior',197),(39,'Aylin Mendoza',22,'Sophomore',253),(40,'Sharon Fyfe',22,'Sophomore',98),(41,'Afnaan el-Mohammed',22,'Freshman',255),(42,'Jesse Williams',21,'Junior',130),(43,'Kenny Fukushima',22,'Freshman',131),(44,'Tawnie Glaisher',24,'Sophomore',158),(45,'Britany Stevens',23,'Senior',213),(46,'Alan Trinh',20,'Sophomore',164),(47,'Zoe Kern',22,'Freshman',300),(48,'Sidney Beavers',23,'Senior',114),(49,'Miriam Aguilar',22,'Junior',236),(50,'Issac Mata',23,'Senior',123),(51,'Hannah Uren',22,'Sophomore',290),(52,'Zachary Bradley',21,'Junior',205),(53,'Moira Buttitto',23,'Freshman',40),(54,'Nicole Humpal',22,'Sophomore',176),(55,'Georgia Williams',23,'Senior',131),(56,'Connor Ferry',23,'Junior',24),(57,'Amanda Tatum',22,'Junior',307),(58,'Cameron Steinberg',20,'Junior',202),(59,'Shuraih el-Karim',22,'Sophomore',71),(60,'Katelyn Sharp',20,'Sophomore',112),(61,'Colin Lemont',21,'Sophomore',248),(62,'Donald Nevins',23,'Senior',28),(63,'Macaela Kadillak',20,'Junior',168),(64,'Brittany Pratt',22,'Freshman',46),(65,'Cameron Hancock',21,'Senior',198),(66,'William Grevious',22,'Junior',251),(67,'Lindsey Job',23,'Sophomore',74),(68,'Gabrielle Smith',23,'Senior',152),(69,'Allison Brink-Lomme',24,'Freshman',220),(70,'Sheyenne Delgado-Manzanares',21,'Sophomore',79),(71,'Joseph Smith',21,'Freshman',49),(72,'Fikra al-Mina',21,'Junior',256),(73,'Aurelia Davis Ingham',22,'Freshman',77),(74,'Taylor Elstun',21,'Sophomore',136),(75,'Joseph Snider',21,'Junior',183),(76,'Sourinthone Tran',21,'Sophomore',105),(77,'Ibrahim al-Sawaya',23,'Senior',280),(78,'Alexandra Levy',23,'Freshman',187),(79,'Macie Nguyen',23,'Sophomore',76),(80,'Sean Tegtman',25,'Senior',67),(81,'Casey Vanden Bos',22,'Junior',280),(82,'Staci Maes',23,'Junior',24),(84,'Harper Wheeler-Marques',23,'Junior',271),(85,'Sherleen Saravanan',22,'Senior',178),(86,'Myles Vaught',21,'Sophomore',217),(87,'Juan Guerrero Camacho',21,'Junior',270),(88,'Lindsey Freund',20,'Senior',250),(89,'Savannah Clark',20,'Sophomore',249),(90,'Bradley Monsell',22,'Freshman',264),(91,'Daisha Schmidt',22,'Freshman',170),(92,'Airabella Koontz',22,'Senior',86),(93,'Hailey Malle',22,'Senior',190),(94,'Devon Miranda',20,'Junior',33),(95,'Danielle Nguyen',23,'Senior',102),(96,'Mateo Cisneros',23,'Junior',200),(97,'William Pablo',24,'Freshman',166),(98,'Jason Hundsdorfer',20,'Freshman',293),(99,'Antonio Desai',22,'Senior',18),(100,'Rachel Bakeman',24,'Sophomore',113),(101,'Mamdooh el-Moustafa',22,'Sophomore',252),(102,'Lindsey Carter',24,'Freshman',230),(103,'Duncan Kruse',23,'Junior',1),(104,'Callahan Foster',22,'Sophomore',157),(105,'Jamie Ortiz',23,'Sophomore',9),(106,'Ryan Barrett',20,'Junior',299),(107,'Samuel Palmer',22,'Freshman',281),(108,'Riley Mcloughlin',23,'Freshman',224),(109,'Aimee Apelyan',24,'Senior',256),(110,'Maryah Falloon',23,'Senior',15),(111,'Lucille Mitchell',22,'Senior',9),(112,'Christian Zambrano-Munoz',23,'Junior',130),(113,'Bryce Vaillancourt',22,'Freshman',293),(114,'Brandilyn Collins',21,'Freshman',192),(115,'Konner Gearhart',22,'Junior',252),(116,'Andrew Houghton',22,'Senior',154),(117,'Marisa Ramey',22,'Sophomore',170),(118,'Magdalynne Noah',22,'Senior',162),(119,'Megan Salamena',23,'Senior',171),(120,'Meghan Arnold',24,'Freshman',65),(121,'James Rice',20,'Sophomore',1),(122,'Wesley Nunn',23,'Sophomore',126),(123,'Gareth Newkirk',21,'Senior',103),(124,'Austin Harline',21,'Senior',184),(125,'Courtney Martinez',20,'Junior',75),(126,'Alexandra Graham',22,'Freshman',217),(127,'Alexander Swearingen',22,'Freshman',20),(128,'Brandy Waldner',20,'Freshman',160),(129,'Coleman Keelen',24,'Freshman',279),(130,'Casey Buhr',21,'Freshman',282),(131,'Shauna Sneed',19,'Sophomore',71),(132,'Caitlin Dean',22,'Freshman',117),(133,'Andrew Kirin',25,'Sophomore',116),(134,'Nadia Minks',24,'Junior',294),(135,'Ivy Lucero',24,'Freshman',272),(136,'Kevin Curry',23,'Senior',241),(137,'Charles Cramer',23,'Senior',301),(138,'Emily Warner',21,'Sophomore',170),(139,'Mckenzie Haycock',20,'Freshman',273),(140,'Faviola Soto',19,'Junior',164),(141,'Stephen Wharton',21,'Junior',83),(142,'Alexandria Fortner',20,'Freshman',154),(143,'Savannah Kivett',21,'Junior',291),(144,'Tanner Jones',23,'Junior',198),(145,'Luisa Bautista',21,'Sophomore',31),(146,'Juhaina al-Bilal',20,'Senior',205),(147,'Siena Ingram',21,'Junior',102),(148,'Alondra Gardea Corral',20,'Junior',232),(149,'Vincent Webster',23,'Sophomore',305),(150,'Abdul Jabbaar el-Abdul',20,'Senior',112),(151,'Patrick Carnes',22,'Sophomore',16),(152,'Shawn O Bryan',23,'Junior',173),(153,'Jenna Whitney',23,'Sophomore',293),(154,'Kaitlin Krueger',24,'Junior',37),(155,'Jaime Mikesell',20,'Senior',3),(156,'Katelynn Andrie',23,'Sophomore',12),(157,'Maryn Manzanares',21,'Junior',217),(158,'Colleen Kohout',22,'Junior',98),(159,'Daniel Spurlin',24,'Freshman',120),(160,'Trevor Bulba',21,'Sophomore',181),(161,'Jordan Burkhamer',23,'Junior',271),(162,'Rebecca Ah Fat',22,'Senior',109),(163,'Christopher Jacobo',21,'Sophomore',51),(164,'Min Singal',24,'Senior',180),(165,'Corey Rademacher',22,'Senior',20),(166,'Alexander Reed',22,'Sophomore',206),(167,'Dalen Whiting',23,'Freshman',195),(168,'Chelsea Persky',23,'Sophomore',137),(169,'Karla Taylor',21,'Senior',39),(170,'Kaden Yates',23,'Sophomore',115),(171,'Maimoona el-Soliman',21,'Senior',247),(172,'Aaqil el-Hashemi',21,'Senior',90),(173,'Sean Bruso',19,'Freshman',169),(174,'Andrew Bishop',22,'Sophomore',289),(175,'Zahraaa el-Yousef',22,'Senior',12),(176,'Surya Ky',21,'Freshman',111),(177,'George Mann',23,'Junior',54),(178,'Latino Calderon',23,'Senior',164),(179,'Baylen Cloutier',22,'Junior',124),(180,'Nicole Torres-Valadez',24,'Junior',17),(181,'Addie Villavicencio',20,'Senior',237),(182,'Billy Jack Bestle',22,'Junior',61),(183,'Isabella Martinez',23,'Sophomore',58),(184,'Kimberly Thielke',21,'Senior',267),(185,'Adrian Miguel-Gomez',22,'Freshman',117),(186,'Kayla Sales',22,'Junior',284),(187,'Haafiza al-Attar',21,'Junior',225),(188,'Juanita Medina',22,'Senior',5),(189,'Emma Kim',22,'Junior',201),(190,'Mckayla Dopler',21,'Senior',249),(191,'Jonathan Nevarez',23,'Junior',17),(192,'Roger Redfern',21,'Senior',281),(193,'Hannah Critchfield',21,'Sophomore',252),(194,'Chue Fue Richter',23,'Junior',292),(195,'Joshua Mesan',24,'Senior',282),(196,'Dylan Bell',20,'Senior',258),(197,'Troy White',22,'Junior',247),(198,'Sabaaha al-Latif',22,'Junior',184),(199,'Grant Walden',22,'Sophomore',281),(200,'Kitty Nguyen',25,'Junior',94),(201,'Tyler Kibel',24,'Senior',186),(202,'Kyler Overboe',21,'Junior',69),(203,'Alexander Lizama',21,'Freshman',93),(204,'Aaron Knott',23,'Sophomore',279),(205,'Jessica Greenberg',23,'Sophomore',236),(206,'Lexi Hatton',23,'Junior',133),(207,'Jesse Hodapp',21,'Sophomore',148),(208,'Andrew Brunelli',23,'Freshman',265),(209,'Makenzie Swann',22,'Senior',37),(210,'Carlos Anaya',24,'Junior',17),(211,'Felipe Martinez Acosta',21,'Sophomore',297),(212,'Emma Casias',22,'Junior',137),(213,'Adolf Malik',21,'Sophomore',169),(214,'Christian Chow',21,'Junior',239),(215,'Asad el-Yacoub',22,'Freshman',76),(216,'Holly Marshall',22,'Senior',150),(217,'Brandilyn Hanselman',21,'Junior',42),(218,'Nicole Patria',24,'Sophomore',12),(219,'Kyler Grieshaber',22,'Sophomore',188),(220,'Jasper Stang',24,'Junior',179),(221,'Anthony Visocsky',21,'Senior',120),(222,'Jake Seime',22,'Freshman',291),(223,'Dasha Bannock Lee',20,'Senior',120),(224,'Anthony Mcdevitt',24,'Freshman',87),(225,'Darby Focken',21,'Sophomore',83),(226,'Abigail Gallegos',24,'Sophomore',147),(227,'Patricia Rockhold',21,'Junior',69),(228,'Kylie Schafer',22,'Sophomore',239),(229,'Katherine Beatty',19,'Junior',46),(230,'Melissa Bickel',22,'Senior',145),(231,'Rachel Boh',22,'Sophomore',122),(232,'Anna Yoshimura',20,'Freshman',115),(233,'Joseph Hazelton',22,'Senior',9),(234,'Tiffany Nguyen',22,'Junior',184),(235,'Ryan Tyler',20,'Senior',71),(236,'Max Flores',23,'Senior',268),(237,'Veronica Tounzen',21,'Senior',85),(238,'Haley Ingrim-Hyrup',22,'Sophomore',176),(239,'Kayla Sandefur',23,'Sophomore',31),(240,'Rylee Onstott',21,'Freshman',307),(241,'Kelli De Bartolome',23,'Junior',185),(242,'Thomas Chanlynn',22,'Freshman',255),(243,'Andrew Yelich',24,'Sophomore',57),(244,'Dimitri Castillo',21,'Junior',260),(245,'Matthew Strasburger',21,'Senior',98),(246,'Vittoria Faulkner',22,'Senior',175),(247,'Tyler Goetz',22,'Sophomore',50),(248,'Tyler Weller',22,'Sophomore',294),(249,'Terri Mergelman',23,'Junior',127),(250,'Abigail Orgeron',23,'Junior',201),(251,'Jessica Huynh',22,'Senior',172),(252,'Kyle Blanscet',23,'Sophomore',70),(253,'Ronald Toth',23,'Freshman',77),(254,'Branden Cantrell',23,'Freshman',74),(255,'Hannah Ratterman',23,'Senior',296),(256,'Alexandria Winter',24,'Freshman',248),(257,'Ryan Russell',22,'Junior',74),(258,'Logan Nighswonger',21,'Freshman',194),(259,'Zaghlool al-Pasha',21,'Freshman',275),(260,'Madeline Kremke',22,'Freshman',6),(261,'John Ferry',21,'Junior',288),(262,'Michelle Goldanloo',22,'Sophomore',37),(263,'Ryan Heidebrecht',22,'Senior',226),(264,'Murtidevi Chung',21,'Junior',245),(265,'Arely Rodriguez',21,'Sophomore',204),(266,'Taylor Stone',22,'Freshman',306),(267,'Melody Bowyer',21,'Senior',265),(268,'Bryant Ronquillo',20,'Junior',2),(269,'Garrett Heim',20,'Sophomore',162),(270,'Cody Amen',23,'Junior',136),(271,'Jasmine Lopez',21,'Sophomore',36),(272,'William Tierney',21,'Freshman',272),(273,'Matthew Sputh',22,'Freshman',249),(274,'Brenna Chapman',21,'Sophomore',103),(275,'Blake Loughran',21,'Senior',202),(276,'Michael Melendrez',22,'Sophomore',217),(277,'Katie Abercrombie',21,'Junior',307),(278,'Justin Krause',21,'Freshman',121),(279,'Jennifer Hauge',23,'Senior',37),(280,'Tiffanie Her',22,'Senior',92),(281,'Dyllan Paige',20,'Junior',258),(282,'Cole Hathcoat',23,'Freshman',295),(283,'Jesse Carballo',20,'Freshman',9),(284,'Robert Podolski',22,'Senior',119),(285,'Viridiana Ballesteros',22,'Junior',296),(286,'Michael Griffin',21,'Senior',205),(287,'Chad Klemp',22,'Junior',291),(288,'Weldon Hightower',20,'Junior',252),(289,'Daniel Pierce',24,'Junior',127),(290,'Michaela Schoenbeck',22,'Junior',249),(291,'Charles Prose',24,'Junior',27),(292,'Brittany Kemmerzell',23,'Freshman',254),(293,'Taryn Springfield',20,'Sophomore',69),(294,'Matthew Obourn',23,'Sophomore',187),(295,'Travis Poss',23,'Senior',44),(296,'Brittany Fernandez',23,'Sophomore',113),(297,'Cody Smith',23,'Junior',214),(298,'Nicolas Papp',23,'Senior',243),(299,'Christopher Inhulsen',23,'Freshman',301),(300,'Tessa Rawanduzy',21,'Junior',143),(301,'Vanessa Gonzalez',24,'Sophomore',16),(302,'Austin Haas',20,'Senior',161),(303,'Madison Fithian',20,'Freshman',240),(304,'Zachary Mulvahill',20,'Freshman',22),(305,'Eliana Michelsen',23,'Junior',38),(306,'Dane Whittemore',21,'Sophomore',149),(901,'John Doe',15,'10th Grade',5),(902,'John Doe',15,'10th Grade',5);
/*!40000 ALTER TABLE `students` ENABLE KEYS */;
UNLOCK TABLES;

--
-- Table structure for table `teachers`
--

DROP TABLE IF EXISTS `teachers`;
/*!40101 SET @saved_cs_client     = @@character_set_client */;
/*!50503 SET character_set_client = utf8mb4 */;
CREATE TABLE `teachers` (
  `Employee_ID` int NOT NULL,
  `Name` varchar(100) DEFAULT NULL,
  `Contact_Info` varchar(255) DEFAULT NULL,
  PRIMARY KEY (`Employee_ID`)
) ENGINE=InnoDB DEFAULT CHARSET=utf8mb4 COLLATE=utf8mb4_0900_ai_ci;
/*!40101 SET character_set_client = @saved_cs_client */;

--
-- Dumping data for table `teachers`
--

LOCK TABLES `teachers` WRITE;
/*!40000 ALTER TABLE `teachers` DISABLE KEYS */;
INSERT INTO `teachers` VALUES (1,'James Miller','james.miller@teacher.com'),(2,'Laura Miller','laura.miller@school.edu'),(3,'John Brown','john.brown@education.org'),(4,'Laura Jones','laura.jones@education.org'),(5,'Michael Jones','michael.jones@school.edu'),(6,'Robert Jones','robert.jones@teacher.com'),(7,'Robert Rodriguez','robert.rodriguez@education.org'),(8,'Robert Jones','robert.jones@education.org'),(9,'Laura Johnson','laura.johnson@education.org'),(10,'Jane Jones','jane.jones@school.edu'),(11,'David Garcia','david.garcia@education.org'),(12,'David Jones','david.jones@education.org'),(13,'Robert Martinez','robert.martinez@school.edu'),(14,'James Brown','james.brown@school.edu'),(15,'James Williams','james.williams@teacher.com'),(16,'Jane Brown','jane.brown@education.org'),(17,'Michael Rodriguez','michael.rodriguez@teacher.com'),(18,'Emily Brown','emily.brown@teacher.com'),(19,'Robert Brown','robert.brown@education.org'),(20,'Michael Williams','michael.williams@education.org'),(21,'John Garcia','john.garcia@school.edu'),(22,'Michael Brown','michael.brown@education.org'),(23,'David Garcia','david.garcia@teacher.com'),(24,'Emily Smith','emily.smith@teacher.com'),(25,'Emily Garcia','emily.garcia@education.org'),(26,'Jane Martinez','jane.martinez@teacher.com'),(27,'Olivia Rodriguez','olivia.rodriguez@teacher.com'),(28,'John Rodriguez','john.rodriguez@school.edu'),(29,'John Johnson','john.johnson@education.org'),(30,'Laura Martinez','laura.martinez@education.org'),(31,'David Miller','david.miller@education.org'),(32,'Jane Martinez','jane.martinez@education.org'),(33,'John Johnson','john.johnson@education.org'),(34,'Jane Davis','jane.davis@teacher.com'),(35,'Laura Davis','laura.davis@education.org'),(36,'James Jones','james.jones@school.edu'),(37,'Jane Jones','jane.jones@education.org'),(38,'David Miller','david.miller@school.edu'),(39,'Jane Davis','jane.davis@school.edu'),(40,'Emily Garcia','emily.garcia@teacher.com'),(41,'Laura Davis','laura.davis@teacher.com'),(42,'Olivia Miller','olivia.miller@education.org'),(43,'Laura Rodriguez','laura.rodriguez@school.edu'),(44,'Robert Rodriguez','robert.rodriguez@school.edu'),(45,'Sarah Brown','sarah.brown@teacher.com'),(46,'Jane Johnson','jane.johnson@teacher.com'),(47,'Sarah Miller','sarah.miller@school.edu'),(48,'Laura Brown','laura.brown@education.org'),(49,'David Martinez','david.martinez@school.edu'),(50,'Jane Miller','jane.miller@education.org'),(51,'John Smith','john.smith@school.edu'),(52,'David Garcia','david.garcia@school.edu'),(53,'Sarah Johnson','sarah.johnson@education.org'),(54,'Sarah Smith','sarah.smith@school.edu'),(55,'Michael Martinez','michael.martinez@school.edu'),(56,'Michael Brown','michael.brown@education.org'),(57,'John Johnson','john.johnson@school.edu'),(58,'Laura Davis','laura.davis@education.org'),(59,'Robert Brown','robert.brown@school.edu'),(60,'Laura Jones','laura.jones@teacher.com'),(61,'Sarah Garcia','sarah.garcia@education.org'),(62,'Olivia Smith','olivia.smith@school.edu'),(63,'James Jones','james.jones@school.edu'),(64,'John Brown','john.brown@school.edu'),(65,'Jane Miller','jane.miller@school.edu'),(66,'Laura Garcia','laura.garcia@education.org'),(67,'John Brown','john.brown@teacher.com'),(68,'Sarah Williams','sarah.williams@school.edu'),(69,'Sarah Jones','sarah.jones@teacher.com'),(70,'David Miller','david.miller@school.edu'),(71,'James Smith','james.smith@teacher.com'),(72,'James Smith','james.smith@education.org'),(73,'Jane Smith','jane.smith@teacher.com'),(74,'Sarah Miller','sarah.miller@school.edu'),(75,'John Williams','john.williams@teacher.com'),(76,'James Davis','james.davis@school.edu'),(77,'John Rodriguez','john.rodriguez@education.org'),(78,'James Martinez','james.martinez@education.org'),(79,'Sarah Jones','sarah.jones@education.org'),(80,'Jane Williams','jane.williams@school.edu'),(81,'Robert Martinez','robert.martinez@teacher.com'),(82,'Jane Johnson','jane.johnson@education.org'),(83,'Laura Rodriguez','laura.rodriguez@teacher.com'),(84,'John Martinez','john.martinez@teacher.com'),(85,'Sarah Jones','sarah.jones@school.edu'),(86,'Olivia Brown','olivia.brown@education.org'),(87,'David Martinez','david.martinez@school.edu'),(88,'Olivia Jones','olivia.jones@education.org'),(89,'Olivia Davis','olivia.davis@school.edu'),(90,'Michael Johnson','michael.johnson@teacher.com'),(91,'Robert Rodriguez','robert.rodriguez@school.edu'),(92,'Laura Garcia','laura.garcia@education.org'),(93,'Sarah Williams','sarah.williams@teacher.com'),(94,'Robert Jones','robert.jones@school.edu'),(95,'Michael Davis','michael.davis@teacher.com'),(96,'Robert Jones','robert.jones@school.edu'),(97,'Emily Martinez','emily.martinez@school.edu'),(98,'Emily Johnson','emily.johnson@school.edu'),(99,'Robert Martinez','robert.martinez@education.org'),(100,'John Brown','john.brown@education.org');
/*!40000 ALTER TABLE `teachers` ENABLE KEYS */;
UNLOCK TABLES;

--
-- Final view structure for view `course_enrollment_view`
--

/*!50001 DROP VIEW IF EXISTS `course_enrollment_view`*/;
/*!50001 SET @saved_cs_client          = @@character_set_client */;
/*!50001 SET @saved_cs_results         = @@character_set_results */;
/*!50001 SET @saved_col_connection     = @@collation_connection */;
/*!50001 SET character_set_client      = cp850 */;
/*!50001 SET character_set_results     = cp850 */;
/*!50001 SET collation_connection      = cp850_general_ci */;
/*!50001 CREATE ALGORITHM=UNDEFINED */
/*!50013 DEFINER=`root`@`localhost` SQL SECURITY DEFINER */
/*!50001 VIEW `course_enrollment_view` AS select `c`.`Course_Code` AS `Course_Code`,`c`.`Course_Name` AS `Course_Name`,count(`sce`.`Student_ID`) AS `Total_Students` from (`courses` `c` join `student_course_enrollment` `sce` on((`c`.`Course_Code` = `sce`.`Course_Code`))) group by `c`.`Course_Code`,`c`.`Course_Name` */;
/*!50001 SET character_set_client      = @saved_cs_client */;
/*!50001 SET character_set_results     = @saved_cs_results */;
/*!50001 SET collation_connection      = @saved_col_connection */;

--
-- Final view structure for view `student_grades_view`
--

/*!50001 DROP VIEW IF EXISTS `student_grades_view`*/;
/*!50001 SET @saved_cs_client          = @@character_set_client */;
/*!50001 SET @saved_cs_results         = @@character_set_results */;
/*!50001 SET @saved_col_connection     = @@collation_connection */;
/*!50001 SET character_set_client      = cp850 */;
/*!50001 SET character_set_results     = cp850 */;
/*!50001 SET collation_connection      = cp850_general_ci */;
/*!50001 CREATE ALGORITHM=UNDEFINED */
/*!50013 DEFINER=`root`@`localhost` SQL SECURITY DEFINER */
/*!50001 VIEW `student_grades_view` AS select `s`.`Student_ID` AS `Student_ID`,`s`.`Name` AS `Student_Name`,`c`.`Course_Name` AS `Course_Name`,`a`.`Title` AS `Assignment_Title`,`g`.`Score` AS `Score` from (((`students` `s` join `grades` `g` on((`s`.`Student_ID` = `g`.`Student_ID`))) join `assignments` `a` on((`g`.`Assignment_ID` = `a`.`Assignment_ID`))) join `courses` `c` on((`a`.`Course_Code` = `c`.`Course_Code`))) */;
/*!50001 SET character_set_client      = @saved_cs_client */;
/*!50001 SET character_set_results     = @saved_cs_results */;
/*!50001 SET collation_connection      = @saved_col_connection */;
/*!40103 SET TIME_ZONE=@OLD_TIME_ZONE */;

/*!40101 SET SQL_MODE=@OLD_SQL_MODE */;
/*!40014 SET FOREIGN_KEY_CHECKS=@OLD_FOREIGN_KEY_CHECKS */;
/*!40014 SET UNIQUE_CHECKS=@OLD_UNIQUE_CHECKS */;
/*!40101 SET CHARACTER_SET_CLIENT=@OLD_CHARACTER_SET_CLIENT */;
/*!40101 SET CHARACTER_SET_RESULTS=@OLD_CHARACTER_SET_RESULTS */;
/*!40101 SET COLLATION_CONNECTION=@OLD_COLLATION_CONNECTION */;
/*!40111 SET SQL_NOTES=@OLD_SQL_NOTES */;

-- Dump completed on 2025-03-10 11:54:04
